scope,grammatical_property,session,mini_language,grammaticality,mean_retained,sd_retained,n_cells,presented_per_cell,pct_discarded
overall,ALL,NA,ALL,ALL,31.577,5.767,1337,48,34.214
canonical,ALL,NA,ALL,Grammatical+Ungrammatical,31.438,5.804,891,48,34.505
per_condition_canonical,differential_object_marking,3,Mini-English,Grammatical,32.286,4.387,28,48,32.738
per_condition_canonical,differential_object_marking,3,Mini-English,Ungrammatical,31.321,3.973,28,48,34.747
per_condition_canonical,differential_object_marking,3,Mini-Norwegian,Grammatical,31.714,4.072,28,48,33.929
per_condition_canonical,differential_object_marking,3,Mini-Norwegian,Ungrammatical,30.321,4.816,28,48,36.83
per_condition_canonical,differential_object_marking,4,Mini-English,Grammatical,30.259,5.939,27,48,36.96
per_condition_canonical,differential_object_marking,4,Mini-English,Ungrammatical,29.667,6.575,27,48,38.194
per_condition_canonical,differential_object_marking,4,Mini-Norwegian,Grammatical,33.214,4.158,28,48,30.804
per_condition_canonical,differential_object_marking,4,Mini-Norwegian,Ungrammatical,33.5,4.132,28,48,30.208
per_condition_canonical,differential_object_marking,6,Mini-English,Grammatical,31.167,6.947,18,48,35.069
per_condition_canonical,differential_object_marking,6,Mini-English,Ungrammatical,31.944,6.024,18,48,33.449
per_condition_canonical,differential_object_marking,6,Mini-Norwegian,Grammatical,29.778,7.811,18,48,37.963
per_condition_canonical,differential_object_marking,6,Mini-Norwegian,Ungrammatical,31,7.934,18,48,35.417
per_condition_canonical,gender_agreement,2,Mini-English,Grammatical,31.909,5.934,33,48,33.523
per_condition_canonical,gender_agreement,2,Mini-English,Ungrammatical,30.697,5.982,33,48,36.048
per_condition_canonical,gender_agreement,2,Mini-Norwegian,Grammatical,31.033,4.359,30,48,35.347
per_condition_canonical,gender_agreement,2,Mini-Norwegian,Ungrammatical,30.6,4.53,30,48,36.25
per_condition_canonical,gender_agreement,3,Mini-English,Grammatical,32.593,4.709,27,48,32.099
per_condition_canonical,gender_agreement,3,Mini-English,Ungrammatical,32.286,4.471,28,48,32.738
per_condition_canonical,gender_agreement,3,Mini-Norwegian,Grammatical,31.63,4.757,27,48,34.105
per_condition_canonical,gender_agreement,3,Mini-Norwegian,Ungrammatical,31.667,4.641,27,48,34.028
per_condition_canonical,gender_agreement,4,Mini-English,Grammatical,31,6.856,27,48,35.417
per_condition_canonical,gender_agreement,4,Mini-English,Ungrammatical,30.111,6.676,27,48,37.269
per_condition_canonical,gender_agreement,4,Mini-Norwegian,Grammatical,33.393,4.263,28,48,30.432
per_condition_canonical,gender_agreement,4,Mini-Norwegian,Ungrammatical,32.786,4.104,28,48,31.696
per_condition_canonical,gender_agreement,6,Mini-English,Grammatical,30.444,6.138,18,48,36.574
per_condition_canonical,gender_agreement,6,Mini-English,Ungrammatical,32.278,7.036,18,48,32.755
per_condition_canonical,gender_agreement,6,Mini-Norwegian,Grammatical,29.944,7.083,18,48,37.616
per_condition_canonical,gender_agreement,6,Mini-Norwegian,Ungrammatical,28.833,8.155,18,48,39.931
per_condition_canonical,verb_object_number_agreement,4,Mini-English,Grammatical,29.963,7.419,27,48,37.577
per_condition_canonical,verb_object_number_agreement,4,Mini-English,Ungrammatical,30.704,6.474,27,48,36.034
per_condition_canonical,verb_object_number_agreement,4,Mini-Norwegian,Grammatical,33.074,4.287,27,48,31.096
per_condition_canonical,verb_object_number_agreement,4,Mini-Norwegian,Ungrammatical,33.407,3.565,27,48,30.401
per_condition_canonical,verb_object_number_agreement,6,Mini-English,Grammatical,29.278,6.789,18,48,39.005
per_condition_canonical,verb_object_number_agreement,6,Mini-English,Ungrammatical,32.722,7.169,18,48,31.829
per_condition_canonical,verb_object_number_agreement,6,Mini-Norwegian,Grammatical,31.833,9.018,18,48,33.681
per_condition_canonical,verb_object_number_agreement,6,Mini-Norwegian,Ungrammatical,30.944,8.66,18,48,35.532
