"model","contrast","median","ci_low","ci_high","pd"
"erp_differential_object_marking_200_500_lateral","overall",-0.00238764394483529,-0.0125794115587318,0.00778135385077029,0.67728125
"erp_differential_object_marking_200_500_lateral","within_Mini-Norwegian",-0.0106537440348832,-0.025398968244734,0.00400040371912094,0.9239375
"erp_differential_object_marking_200_500_lateral","within_Mini-English",0.00620137562648428,-0.00780495291410373,0.0202759305333856,0.8085625
"erp_differential_object_marking_200_500_lateral","language_difference",-0.0169239109988654,-0.0370088275040171,0.00343325362280913,0.94853125
"erp_differential_object_marking_200_500_lateral_itemslope","overall",-0.00326843064967645,-0.013285777330907,0.00673962875401756,0.7405625
"erp_differential_object_marking_200_500_lateral_itemslope","within_Mini-Norwegian",-0.0130379685155082,-0.0273669426087562,0.00139462792926591,0.961625
"erp_differential_object_marking_200_500_lateral_itemslope","within_Mini-English",0.00677129417100988,-0.00687609724828585,0.0203981301730809,0.8331875
"erp_differential_object_marking_200_500_lateral_itemslope","language_difference",-0.0196986726934691,-0.0395401574507951,0.000212357469678742,0.97365625
"erp_differential_object_marking_200_500_lateral_weakprior","overall",-0.00228375216637053,-0.0123826312676668,0.00772961929196332,0.672875
"erp_differential_object_marking_200_500_lateral_weakprior","within_Mini-Norwegian",-0.0106052794729954,-0.0251000124395986,0.0038231014690027,0.9241875
"erp_differential_object_marking_200_500_lateral_weakprior","within_Mini-English",0.00622410855044119,-0.00755844750402665,0.0202626677568101,0.80996875
"erp_differential_object_marking_200_500_lateral_weakprior","language_difference",-0.0168910803126615,-0.0368035555505931,0.00316590503919222,0.94996875
"erp_differential_object_marking_200_500_lateral_weakprior_itemslope","overall",-0.00327637864752736,-0.0133200535318393,0.00683937801951917,0.74146875
"erp_differential_object_marking_200_500_lateral_weakprior_itemslope","within_Mini-Norwegian",-0.0130324298618432,-0.0274736893772081,0.00136266245710926,0.962
"erp_differential_object_marking_200_500_lateral_weakprior_itemslope","within_Mini-English",0.00678931219183411,-0.00700975421274775,0.0206195063087209,0.835375
"erp_differential_object_marking_200_500_lateral_weakprior_itemslope","language_difference",-0.0198229067127954,-0.0395051879639848,-8.24584768190753e-05,0.9754375
"erp_differential_object_marking_200_500_lateral_retfree","overall",-0.0215994625,-0.05258818775,0.00871640122249998,0.9156875
"erp_differential_object_marking_200_500_lateral_retfree","within_Mini-Norwegian",-0.0654417392167282,-0.108526943995015,-0.0225060216902314,0.99878125
"erp_differential_object_marking_200_500_lateral_retfree","within_Mini-English",0.0237371898325318,-0.0207466704611939,0.0678870226848011,0.85171875
"erp_differential_object_marking_200_500_lateral_retfree","language_difference",-0.0889808488475737,-0.15109337605759,-0.0270968122750047,0.99778125
"erp_differential_object_marking_200_500_lateral_itemslope_retfree","overall",-0.0202541125,-0.050821211525,0.010363831425,0.90146875
"erp_differential_object_marking_200_500_lateral_itemslope_retfree","within_Mini-Norwegian",-0.0642883574425903,-0.107450844487346,-0.0216369326696817,0.9985625
"erp_differential_object_marking_200_500_lateral_itemslope_retfree","within_Mini-English",0.0250906824705372,-0.0194184593360097,0.0697832206469094,0.86740625
"erp_differential_object_marking_200_500_lateral_itemslope_retfree","language_difference",-0.0896405644474217,-0.151151688701513,-0.0277307619612742,0.9979375
"erp_differential_object_marking_200_500_midline","overall",-0.0116578643928563,-0.0259339208469071,0.0025863560524529,0.94534375
"erp_differential_object_marking_200_500_midline","within_Mini-Norwegian",-0.0153510435884347,-0.0360744956267448,0.00533444141901347,0.927125
"erp_differential_object_marking_200_500_midline","within_Mini-English",-0.00791986395849407,-0.0275365586274711,0.011669162344376,0.78740625
"erp_differential_object_marking_200_500_midline","language_difference",-0.00734559987343203,-0.0358473470904637,0.0207624810780868,0.693875
"erp_differential_object_marking_200_500_midline_itemslope","overall",-0.012940493807498,-0.0271117587510432,0.00120702719379804,0.963125
"erp_differential_object_marking_200_500_midline_itemslope","within_Mini-Norwegian",-0.0176813493749862,-0.0385131517743578,0.00305080906733269,0.95184375
"erp_differential_object_marking_200_500_midline_itemslope","within_Mini-English",-0.00820762148726831,-0.0274737482767246,0.0112898355525142,0.795
"erp_differential_object_marking_200_500_midline_itemslope","language_difference",-0.00951589716651997,-0.038243359963253,0.0187346864891448,0.74240625
"erp_differential_object_marking_200_500_midline_weakprior","overall",-0.0115970329377363,-0.0259651592757753,0.00270873805046321,0.943
"erp_differential_object_marking_200_500_midline_weakprior","within_Mini-Norwegian",-0.0153253813257098,-0.0360335588459534,0.00499926622873298,0.92753125
"erp_differential_object_marking_200_500_midline_weakprior","within_Mini-English",-0.00784288404279328,-0.0274036911487392,0.0118507340808662,0.78196875
"erp_differential_object_marking_200_500_midline_weakprior","language_difference",-0.00743081596905667,-0.0357141483974399,0.0206338157962906,0.69453125
"erp_differential_object_marking_200_500_midline_weakprior_itemslope","overall",-0.0130512269814967,-0.0271853578522827,0.00130015846194072,0.963125
"erp_differential_object_marking_200_500_midline_weakprior_itemslope","within_Mini-Norwegian",-0.0176427911254749,-0.037884236855708,0.00277796900783029,0.95390625
"erp_differential_object_marking_200_500_midline_weakprior_itemslope","within_Mini-English",-0.0082650732726536,-0.027871447639608,0.0116573922125149,0.79921875
"erp_differential_object_marking_200_500_midline_weakprior_itemslope","language_difference",-0.00937239902445115,-0.0376883144538065,0.0189533342935827,0.74225
"erp_differential_object_marking_200_500_midline_retfree","overall",-0.038288531,-0.08199691065,0.00536685624749998,0.956875
"erp_differential_object_marking_200_500_midline_retfree","within_Mini-Norwegian",-0.131347400536401,-0.19248640618747,-0.0697505168329552,1
"erp_differential_object_marking_200_500_midline_retfree","within_Mini-English",0.0580458823519868,-0.0050077982754451,0.121175596770759,0.96371875
"erp_differential_object_marking_200_500_midline_retfree","language_difference",-0.189186749337221,-0.278383985194018,-0.102272682054814,1
"erp_differential_object_marking_200_500_midline_itemslope_retfree","overall",-0.040663023,-0.083909172025,0.00363611706499997,0.96415625
"erp_differential_object_marking_200_500_midline_itemslope_retfree","within_Mini-Norwegian",-0.134884822653853,-0.195662457768827,-0.0738254285981414,1
"erp_differential_object_marking_200_500_midline_itemslope_retfree","within_Mini-English",0.05651605985706,-0.005143803924363,0.119419766941143,0.96384375
"erp_differential_object_marking_200_500_midline_itemslope_retfree","language_difference",-0.191496840207107,-0.278590667655035,-0.103758258610686,0.99996875
"erp_differential_object_marking_300_600_lateral","overall",0.00440167838138263,-0.00588052491317062,0.0147910958549488,0.79828125
"erp_differential_object_marking_300_600_lateral","within_Mini-Norwegian",-0.00547249458771149,-0.0203421489005387,0.00933207691748181,0.7595
"erp_differential_object_marking_300_600_lateral","within_Mini-English",0.0145655336834621,0.000420812575117784,0.028835145532151,0.9785625
"erp_differential_object_marking_300_600_lateral","language_difference",-0.0200768409340912,-0.0406221334623161,0.000781600887381277,0.970375
"erp_differential_object_marking_300_600_lateral_itemslope","overall",0.0042105011756116,-0.00620493486214331,0.0147400674597391,0.78890625
"erp_differential_object_marking_300_600_lateral_itemslope","within_Mini-Norwegian",-0.00718864516502478,-0.0222279981278562,0.00775028037275369,0.82825
"erp_differential_object_marking_300_600_lateral_itemslope","within_Mini-English",0.0159861520514635,0.00149423510784768,0.030379149941458,0.9856875
"erp_differential_object_marking_300_600_lateral_itemslope","language_difference",-0.0231415920800988,-0.0437225996715943,-0.00262363585246441,0.98625
"erp_differential_object_marking_300_600_lateral_weakprior","overall",0.00438734215781419,-0.00594205316681508,0.0147770002273138,0.795875
"erp_differential_object_marking_300_600_lateral_weakprior","within_Mini-Norwegian",-0.00548842413817916,-0.0204334451180617,0.00927968458342124,0.76615625
"erp_differential_object_marking_300_600_lateral_weakprior","within_Mini-English",0.0147304227131304,0.000432930984539103,0.0288568452287716,0.9775625
"erp_differential_object_marking_300_600_lateral_weakprior","language_difference",-0.0202208099269382,-0.0409502693365806,0.000405048137570733,0.97253125
"erp_differential_object_marking_300_600_lateral_weakprior_itemslope","overall",0.00417909491277563,-0.0060693657806425,0.0145347857452752,0.78928125
"erp_differential_object_marking_300_600_lateral_weakprior_itemslope","within_Mini-Norwegian",-0.00719395031799673,-0.022165339371919,0.00760616605723761,0.83015625
"erp_differential_object_marking_300_600_lateral_weakprior_itemslope","within_Mini-English",0.0159991258746489,0.00190661566814333,0.0303434417750071,0.986
"erp_differential_object_marking_300_600_lateral_weakprior_itemslope","language_difference",-0.0232110566546964,-0.043893150448372,-0.00264629968441989,0.9865
"erp_differential_object_marking_300_600_lateral_retfree","overall",-0.021017317,-0.05268192695,0.0107605657,0.90365625
"erp_differential_object_marking_300_600_lateral_retfree","within_Mini-Norwegian",-0.053925101990325,-0.0978885787572383,-0.00945211251195825,0.9914375
"erp_differential_object_marking_300_600_lateral_retfree","within_Mini-English",0.012785835873262,-0.0326271747684652,0.0580238985635692,0.70946875
"erp_differential_object_marking_300_600_lateral_retfree","language_difference",-0.0666296844047292,-0.130323206491748,-0.00305421307174784,0.98021875
"erp_differential_object_marking_300_600_lateral_itemslope_retfree","overall",-0.0200308065,-0.05180037485,0.01184324605,0.89215625
"erp_differential_object_marking_300_600_lateral_itemslope_retfree","within_Mini-Norwegian",-0.0534658800729299,-0.0978394558799677,-0.00862678870508029,0.9895
"erp_differential_object_marking_300_600_lateral_itemslope_retfree","within_Mini-English",0.0144795268313224,-0.0314661654792465,0.0596430100308365,0.73503125
"erp_differential_object_marking_300_600_lateral_itemslope_retfree","language_difference",-0.0678594414641812,-0.130855963535275,-0.00389337625331314,0.98096875
"erp_differential_object_marking_300_600_midline","overall",-0.000894680635699841,-0.0157537687105211,0.0140076870890381,0.545875
"erp_differential_object_marking_300_600_midline","within_Mini-Norwegian",-0.00468303073646794,-0.0261481823684915,0.0169677547196612,0.66771875
"erp_differential_object_marking_300_600_midline","within_Mini-English",0.00295085508479412,-0.0172935711327442,0.0232701181549356,0.61346875
"erp_differential_object_marking_300_600_midline","language_difference",-0.00757645261380718,-0.0370725079763031,0.0219201608161106,0.6983125
"erp_differential_object_marking_300_600_midline_itemslope","overall",-0.00154619423630902,-0.0161617860921741,0.0129606469377225,0.583875
"erp_differential_object_marking_300_600_midline_itemslope","within_Mini-Norwegian",-0.00654740777898306,-0.0280453490374011,0.0146219682836412,0.73175
"erp_differential_object_marking_300_600_midline_itemslope","within_Mini-English",0.00359299457146415,-0.0165186167489485,0.0235354899091998,0.6403125
"erp_differential_object_marking_300_600_midline_itemslope","language_difference",-0.0103181197637017,-0.0395616273646128,0.0188441584283818,0.75296875
"erp_differential_object_marking_300_600_midline_weakprior","overall",-0.000833812035494684,-0.015609488796706,0.013818244958652,0.5448125
"erp_differential_object_marking_300_600_midline_weakprior","within_Mini-Norwegian",-0.00455872828517647,-0.0260720272341252,0.0166658283159863,0.662
"erp_differential_object_marking_300_600_midline_weakprior","within_Mini-English",0.00302245690929697,-0.0173979866106818,0.0233349605970667,0.61471875
"erp_differential_object_marking_300_600_midline_weakprior","language_difference",-0.00766278853914516,-0.0370615752963699,0.0219982189932804,0.69421875
"erp_differential_object_marking_300_600_midline_weakprior_itemslope","overall",-0.00154240125226005,-0.0162959113367312,0.0130115749098759,0.58378125
"erp_differential_object_marking_300_600_midline_weakprior_itemslope","within_Mini-Norwegian",-0.0065192930656371,-0.0279743240411134,0.014320527460474,0.72896875
"erp_differential_object_marking_300_600_midline_weakprior_itemslope","within_Mini-English",0.00359782898309429,-0.0168422960237248,0.0240027843868943,0.6368125
"erp_differential_object_marking_300_600_midline_weakprior_itemslope","language_difference",-0.010145759393118,-0.0394196925658021,0.019174017913041,0.7541875
"erp_differential_object_marking_300_600_midline_retfree","overall",-0.040478374,-0.085628982925,0.00533835336499997,0.9586875
"erp_differential_object_marking_300_600_midline_retfree","within_Mini-Norwegian",-0.128914156108564,-0.191736108272161,-0.0655178652478493,0.99990625
"erp_differential_object_marking_300_600_midline_retfree","within_Mini-English",0.0511905416730867,-0.0150194394211263,0.115955518854859,0.93690625
"erp_differential_object_marking_300_600_midline_retfree","language_difference",-0.179696210880583,-0.270413490572186,-0.0888029557664511,0.999875
"erp_differential_object_marking_300_600_midline_itemslope_retfree","overall",-0.0422845155,-0.087679998775,0.00374299605999995,0.96453125
"erp_differential_object_marking_300_600_midline_itemslope_retfree","within_Mini-Norwegian",-0.131806848533738,-0.194688768315645,-0.0683013884728908,0.99996875
"erp_differential_object_marking_300_600_midline_itemslope_retfree","within_Mini-English",0.0502483701387628,-0.0147987834576885,0.115054369878303,0.9358125
"erp_differential_object_marking_300_600_midline_itemslope_retfree","language_difference",-0.181782743537148,-0.271175913238872,-0.0921568464700164,1
"erp_differential_object_marking_400_900_lateral","overall",0.00596247419394894,-0.00471462076278142,0.0166737194085215,0.86296875
"erp_differential_object_marking_400_900_lateral","within_Mini-Norwegian",-0.00760574408355243,-0.0230432326612344,0.00808666017341414,0.826
"erp_differential_object_marking_400_900_lateral","within_Mini-English",0.0199121983332134,0.00508695428160292,0.0347414956956499,0.99609375
"erp_differential_object_marking_400_900_lateral","language_difference",-0.0275800088772514,-0.0492477474519573,-0.00575500597993179,0.99321875
"erp_differential_object_marking_400_900_lateral_itemslope","overall",0.00635129808481504,-0.00418331900552232,0.017133352361929,0.87878125
"erp_differential_object_marking_400_900_lateral_itemslope","within_Mini-Norwegian",-0.00814259478935231,-0.0235192391942405,0.00727705499742587,0.85046875
"erp_differential_object_marking_400_900_lateral_itemslope","within_Mini-English",0.0214289983571095,0.00668967117478058,0.035978949584302,0.99771875
"erp_differential_object_marking_400_900_lateral_itemslope","language_difference",-0.0295317745681889,-0.0506740814717656,-0.00813970133329549,0.99678125
"erp_differential_object_marking_400_900_lateral_weakprior","overall",0.00598621316495461,-0.00458938775040056,0.0167128037819311,0.86553125
"erp_differential_object_marking_400_900_lateral_weakprior","within_Mini-Norwegian",-0.00752013608790405,-0.0228062311368567,0.0077091261757566,0.82884375
"erp_differential_object_marking_400_900_lateral_weakprior","within_Mini-English",0.0199768275876111,0.00545860895061483,0.0345182894020993,0.9965
"erp_differential_object_marking_400_900_lateral_weakprior","language_difference",-0.0274866910236707,-0.048475431333141,-0.00646403865144351,0.9951875
"erp_differential_object_marking_400_900_lateral_weakprior_itemslope","overall",0.00642679444056133,-0.00428476506334879,0.016999197232049,0.8816875
"erp_differential_object_marking_400_900_lateral_weakprior_itemslope","within_Mini-Norwegian",-0.00806897352721282,-0.0237627272454634,0.00738092731391802,0.8494375
"erp_differential_object_marking_400_900_lateral_weakprior_itemslope","within_Mini-English",0.021455557378403,0.00680915745944929,0.036197059311418,0.99803125
"erp_differential_object_marking_400_900_lateral_weakprior_itemslope","language_difference",-0.0294759551667988,-0.0509072129987548,-0.00821062649359986,0.9965
"erp_differential_object_marking_400_900_lateral_retfree","overall",0.0150513985,-0.0177231461,0.047876040425,0.817
"erp_differential_object_marking_400_900_lateral_retfree","within_Mini-Norwegian",-0.00699457152792367,-0.053155818939712,0.0387267984794582,0.62
"erp_differential_object_marking_400_900_lateral_retfree","within_Mini-English",0.0380947253967274,-0.0089062823765391,0.0850462689198685,0.9446875
"erp_differential_object_marking_400_900_lateral_retfree","language_difference",-0.0452118194982759,-0.110810409458083,0.0204973949708177,0.91078125
"erp_differential_object_marking_400_900_lateral_itemslope_retfree","overall",0.014769159,-0.0178130891,0.047814928475,0.813
"erp_differential_object_marking_400_900_lateral_itemslope_retfree","within_Mini-Norwegian",-0.00694542632108878,-0.0526260954158343,0.0392695360704805,0.617
"erp_differential_object_marking_400_900_lateral_itemslope_retfree","within_Mini-English",0.0376757622572744,-0.00973654991296414,0.0838015236074282,0.94215625
"erp_differential_object_marking_400_900_lateral_itemslope_retfree","language_difference",-0.0446118676564418,-0.10939780927295,0.0217470787335576,0.90840625
"erp_differential_object_marking_400_900_midline","overall",-0.00204128093124694,-0.0172585421400593,0.0132792478126153,0.60603125
"erp_differential_object_marking_400_900_midline","within_Mini-Norwegian",-0.00985217058516495,-0.0315584233268992,0.0122103138444548,0.81265625
"erp_differential_object_marking_400_900_midline","within_Mini-English",0.00600999111107058,-0.0153383855888204,0.0272315568926389,0.7104375
"erp_differential_object_marking_400_900_midline","language_difference",-0.0158329025715434,-0.0464097662069141,0.0147295323848249,0.84534375
"erp_differential_object_marking_400_900_midline_itemslope","overall",-0.00219256593275058,-0.0172039896317479,0.0128685307757765,0.610625
"erp_differential_object_marking_400_900_midline_itemslope","within_Mini-Norwegian",-0.0104899686835593,-0.0319270109237406,0.0112214425225378,0.82909375
"erp_differential_object_marking_400_900_midline_itemslope","within_Mini-English",0.00633237271610664,-0.0143454884994525,0.027074612485732,0.7268125
"erp_differential_object_marking_400_900_midline_itemslope","language_difference",-0.0169101720378299,-0.0464809330776021,0.0129476254580977,0.862875
"erp_differential_object_marking_400_900_midline_weakprior","overall",-0.00199588809995396,-0.0170602558495058,0.0131911891263263,0.6028125
"erp_differential_object_marking_400_900_midline_weakprior","within_Mini-Norwegian",-0.00979018829120927,-0.0315806481291876,0.0118320395832254,0.813375
"erp_differential_object_marking_400_900_midline_weakprior","within_Mini-English",0.00602981582226148,-0.0149687537463313,0.0271574050373173,0.71425
"erp_differential_object_marking_400_900_midline_weakprior","language_difference",-0.01577110445617,-0.0462015656656843,0.0141761364214949,0.8464375
"erp_differential_object_marking_400_900_midline_weakprior_itemslope","overall",-0.00213098537539135,-0.0170967694811449,0.012882463754482,0.61115625
"erp_differential_object_marking_400_900_midline_weakprior_itemslope","within_Mini-Norwegian",-0.0102859218905624,-0.0319132119596255,0.011376744327292,0.827875
"erp_differential_object_marking_400_900_midline_weakprior_itemslope","within_Mini-English",0.00626548077910371,-0.0143415391358058,0.0272430523647279,0.7256875
"erp_differential_object_marking_400_900_midline_weakprior_itemslope","language_difference",-0.0165997913631647,-0.0469287392598557,0.0134872166457056,0.86290625
"erp_differential_object_marking_400_900_midline_retfree","overall",0.00373439305,-0.04180566005,0.05044712565,0.5634375
"erp_differential_object_marking_400_900_midline_retfree","within_Mini-Norwegian",-0.0755117911845243,-0.140017777879012,-0.00967803934622038,0.98771875
"erp_differential_object_marking_400_900_midline_retfree","within_Mini-English",0.0858093837168809,0.0196895399222677,0.152069677302831,0.99471875
"erp_differential_object_marking_400_900_midline_retfree","language_difference",-0.161119508955866,-0.254538151145315,-0.0691227475083884,0.999625
"erp_differential_object_marking_400_900_midline_itemslope_retfree","overall",0.00243157385,-0.043553684975,0.0486868752,0.540625
"erp_differential_object_marking_400_900_midline_itemslope_retfree","within_Mini-Norwegian",-0.0749760700221335,-0.139690302449344,-0.00981756496664071,0.98834375
"erp_differential_object_marking_400_900_midline_itemslope_retfree","within_Mini-English",0.0821146041803433,0.0156758252359102,0.150308335421906,0.99321875
"erp_differential_object_marking_400_900_midline_itemslope_retfree","language_difference",-0.157143443098312,-0.250689720040804,-0.0632935417287669,0.99946875
"erp_gender_agreement_200_500_lateral","overall",0.011628972479246,0.00584007833651856,0.0173647020940235,0.99990625
"erp_gender_agreement_200_500_lateral","within_Mini-Norwegian",0.0114125744175135,0.00312441107660289,0.0197737919621299,0.99653125
"erp_gender_agreement_200_500_lateral","within_Mini-English",0.0118356630768153,0.00371943528165333,0.0199490850697133,0.997625
"erp_gender_agreement_200_500_lateral","language_difference",-0.000395368039680178,-0.0121043626848533,0.0112304438206643,0.52690625
"erp_gender_agreement_200_500_lateral_itemslope","overall",0.011403710260671,0.0055733962731061,0.0172328549783764,0.9999375
"erp_gender_agreement_200_500_lateral_itemslope","within_Mini-Norwegian",0.0104826109591879,0.00207406636551811,0.0188549786614354,0.99240625
"erp_gender_agreement_200_500_lateral_itemslope","within_Mini-English",0.0122935988908318,0.00428320166038717,0.0203111199273049,0.99859375
"erp_gender_agreement_200_500_lateral_itemslope","language_difference",-0.00178102305192185,-0.0135166612441515,0.00977934177080251,0.619875
"erp_gender_agreement_200_500_lateral_weakprior","overall",0.011629843722952,0.00575748007464798,0.0174762264870786,1
"erp_gender_agreement_200_500_lateral_weakprior","within_Mini-Norwegian",0.0114500614976692,0.0030201526415535,0.0198651815467266,0.99584375
"erp_gender_agreement_200_500_lateral_weakprior","within_Mini-English",0.0118281325770453,0.00369541902345564,0.0199235521585994,0.99771875
"erp_gender_agreement_200_500_lateral_weakprior","language_difference",-0.000377726052531356,-0.0119993849243463,0.0113517855803639,0.52496875
"erp_gender_agreement_200_500_lateral_weakprior_itemslope","overall",0.0114071989488407,0.00559310934326299,0.017253708709386,0.99996875
"erp_gender_agreement_200_500_lateral_weakprior_itemslope","within_Mini-Norwegian",0.0104333404801927,0.00193602285473213,0.0190584381606095,0.99178125
"erp_gender_agreement_200_500_lateral_weakprior_itemslope","within_Mini-English",0.0123457109347548,0.00427144158714406,0.0203794972993718,0.99871875
"erp_gender_agreement_200_500_lateral_weakprior_itemslope","language_difference",-0.0019311336779901,-0.0136530203592164,0.0100388359842659,0.6261875
"erp_gender_agreement_200_500_lateral_retfree","overall",0.0020461927,-0.021980051425,0.02548720865,0.56515625
"erp_gender_agreement_200_500_lateral_retfree","within_Mini-Norwegian",0.0261783685049814,-0.00764513281186477,0.0597420486583609,0.93525
"erp_gender_agreement_200_500_lateral_retfree","within_Mini-English",-0.0213981947737954,-0.0549008558747125,0.0118466886920285,0.8993125
"erp_gender_agreement_200_500_lateral_retfree","language_difference",0.0474748753326051,0.000803716183902255,0.0950071675267331,0.9766875
"erp_gender_agreement_200_500_lateral_itemslope_retfree","overall",0.00331192915,-0.020010416425,0.02677384885,0.60865625
"erp_gender_agreement_200_500_lateral_itemslope_retfree","within_Mini-Norwegian",0.0274402380544794,-0.00561167171675497,0.0610163291112307,0.9469375
"erp_gender_agreement_200_500_lateral_itemslope_retfree","within_Mini-English",-0.0203500737617575,-0.0533463842384292,0.0125326571666712,0.885875
"erp_gender_agreement_200_500_lateral_itemslope_retfree","language_difference",0.0478486487018025,0.000884406195110155,0.094851351683522,0.9770625
"erp_gender_agreement_200_500_midline","overall",0.00733422146106336,-0.0010437017508027,0.0156560123706445,0.95746875
"erp_gender_agreement_200_500_midline","within_Mini-Norwegian",0.0145374727313636,0.00249732065935349,0.0265875634662806,0.9913125
"erp_gender_agreement_200_500_midline","within_Mini-English",0.000344294381391364,-0.011268684874978,0.0119669018383057,0.5215625
"erp_gender_agreement_200_500_midline","language_difference",0.0142074029821862,-0.00268478320198585,0.0310059359017804,0.94925
"erp_gender_agreement_200_500_midline_itemslope","overall",0.00698320688368547,-0.00143510768633118,0.0153164206202016,0.94875
"erp_gender_agreement_200_500_midline_itemslope","within_Mini-Norwegian",0.0134811578032993,0.00143811407005175,0.0256552943310381,0.9850625
"erp_gender_agreement_200_500_midline_itemslope","within_Mini-English",0.000620656724605769,-0.010963576293738,0.0123856540253309,0.54409375
"erp_gender_agreement_200_500_midline_itemslope","language_difference",0.0127957814304149,-0.00399720345171071,0.0297947716273734,0.9328125
"erp_gender_agreement_200_500_midline_weakprior","overall",0.00737327325702952,-0.00108796845201121,0.0157727685996841,0.955375
"erp_gender_agreement_200_500_midline_weakprior","within_Mini-Norwegian",0.0144620964814685,0.0025115514829303,0.0265022394297803,0.99090625
"erp_gender_agreement_200_500_midline_weakprior","within_Mini-English",0.000407073320014647,-0.011142627350128,0.012017123140754,0.52709375
"erp_gender_agreement_200_500_midline_weakprior","language_difference",0.0140679872259464,-0.00229534077417585,0.0307399860415427,0.95240625
"erp_gender_agreement_200_500_midline_weakprior_itemslope","overall",0.00704389495110756,-0.0014081243641229,0.0153860657065882,0.95084375
"erp_gender_agreement_200_500_midline_weakprior_itemslope","within_Mini-Norwegian",0.0135655196172847,0.00134690483482701,0.025838623977627,0.9849375
"erp_gender_agreement_200_500_midline_weakprior_itemslope","within_Mini-English",0.000743436122227367,-0.0109246407564915,0.0123215802620128,0.549375
"erp_gender_agreement_200_500_midline_weakprior_itemslope","language_difference",0.0128213171847126,-0.0041092229268314,0.0298173605092795,0.9318125
"erp_gender_agreement_200_500_midline_retfree","overall",0.0097184201,-0.023933817575,0.043932137375,0.7163125
"erp_gender_agreement_200_500_midline_retfree","within_Mini-Norwegian",0.0497175709516041,0.00145702828174973,0.0981540186956316,0.97859375
"erp_gender_agreement_200_500_midline_retfree","within_Mini-English",-0.0291945237149774,-0.0763392390324795,0.0185237506044192,0.88265625
"erp_gender_agreement_200_500_midline_retfree","language_difference",0.0789922628371532,0.0115222697628539,0.145957458097367,0.98884375
"erp_gender_agreement_200_500_midline_itemslope_retfree","overall",0.010638496,-0.023443448125,0.0447197845,0.7303125
"erp_gender_agreement_200_500_midline_itemslope_retfree","within_Mini-Norwegian",0.0512891185273042,0.00245267071152557,0.0995770011152584,0.98025
"erp_gender_agreement_200_500_midline_itemslope_retfree","within_Mini-English",-0.0288007323295425,-0.0765584263110993,0.0186952104814697,0.88221875
"erp_gender_agreement_200_500_midline_itemslope_retfree","language_difference",0.0800873377989202,0.0112225391553988,0.148776559772263,0.98803125
"erp_gender_agreement_300_600_lateral","overall",0.0127025378190393,0.00654708904842978,0.0187794960886766,1
"erp_gender_agreement_300_600_lateral","within_Mini-Norwegian",0.0106575540768587,0.00172114543018545,0.0195068603594874,0.99053125
"erp_gender_agreement_300_600_lateral","within_Mini-English",0.0146757618840714,0.00633340656081288,0.0230108962126749,0.99984375
"erp_gender_agreement_300_600_lateral","language_difference",-0.00401348481310008,-0.0163401442761773,0.0081574476255089,0.7426875
"erp_gender_agreement_300_600_lateral_itemslope","overall",0.0124821855716536,0.00646517202997625,0.018551064947403,1
"erp_gender_agreement_300_600_lateral_itemslope","within_Mini-Norwegian",0.0100558183977143,0.00131932162976849,0.0188386471188609,0.988375
"erp_gender_agreement_300_600_lateral_itemslope","within_Mini-English",0.0148744259833623,0.00649833399846511,0.0232179863312296,0.99975
"erp_gender_agreement_300_600_lateral_itemslope","language_difference",-0.00483727412192287,-0.0168486563510274,0.00746045306545698,0.78340625
"erp_gender_agreement_300_600_lateral_weakprior","overall",0.012706377418366,0.00662255454437364,0.0187896334988937,0.99996875
"erp_gender_agreement_300_600_lateral_weakprior","within_Mini-Norwegian",0.0106839064975798,0.00181570701448317,0.0194499787145467,0.99103125
"erp_gender_agreement_300_600_lateral_weakprior","within_Mini-English",0.0146619262556941,0.00651185818826415,0.0229162197268457,0.999875
"erp_gender_agreement_300_600_lateral_weakprior","language_difference",-0.00397900387574856,-0.0159893409062558,0.00811441338749115,0.7415625
"erp_gender_agreement_300_600_lateral_weakprior_itemslope","overall",0.0124776998501965,0.0064215641658827,0.0184719756996274,1
"erp_gender_agreement_300_600_lateral_weakprior_itemslope","within_Mini-Norwegian",0.0100335085442436,0.00125515921886463,0.0188694766661447,0.98740625
"erp_gender_agreement_300_600_lateral_weakprior_itemslope","within_Mini-English",0.0148248216372113,0.0064965129292833,0.0232056791480641,0.99965625
"erp_gender_agreement_300_600_lateral_weakprior_itemslope","language_difference",-0.00483275787466935,-0.0169521715790108,0.00721611055283301,0.779875
"erp_gender_agreement_300_600_lateral_retfree","overall",0.00062475345,-0.023903158425,0.0249288455,0.51809375
"erp_gender_agreement_300_600_lateral_retfree","within_Mini-Norwegian",0.0291730551105889,-0.00598161104701689,0.0637379777861659,0.9494375
"erp_gender_agreement_300_600_lateral_retfree","within_Mini-English",-0.027261614926007,-0.061689207518624,0.00735312826961049,0.93996875
"erp_gender_agreement_300_600_lateral_retfree","language_difference",0.0563583183480689,0.00773566244874421,0.10516287636033,0.98859375
"erp_gender_agreement_300_600_lateral_itemslope_retfree","overall",0.00149133485,-0.023036230575,0.02551103085,0.54825
"erp_gender_agreement_300_600_lateral_itemslope_retfree","within_Mini-Norwegian",0.0301755642818326,-0.00469775812961381,0.0647405344386891,0.95521875
"erp_gender_agreement_300_600_lateral_itemslope_retfree","within_Mini-English",-0.0265214269381076,-0.0607714567893542,0.00760863046788222,0.93521875
"erp_gender_agreement_300_600_lateral_itemslope_retfree","language_difference",0.0566709709147066,0.00827315079682634,0.105620791240937,0.9888125
"erp_gender_agreement_300_600_midline","overall",0.0104545695203127,0.00151671816931096,0.0192000876221786,0.989375
"erp_gender_agreement_300_600_midline","within_Mini-Norwegian",0.01508825225144,0.00240925903976672,0.0278220058476371,0.98934375
"erp_gender_agreement_300_600_midline","within_Mini-English",0.0059005873826539,-0.00620278416182519,0.0180571147037379,0.8304375
"erp_gender_agreement_300_600_midline","language_difference",0.0091705679153416,-0.00840423326483195,0.0266937374198215,0.8474375
"erp_gender_agreement_300_600_midline_itemslope","overall",0.0101358439912682,0.00151647553159724,0.0188764949033222,0.98890625
"erp_gender_agreement_300_600_midline_itemslope","within_Mini-Norwegian",0.0142890983147203,0.00161769335407167,0.0268081758341089,0.987375
"erp_gender_agreement_300_600_midline_itemslope","within_Mini-English",0.00615262234772291,-0.00580638248084441,0.0181238319174271,0.839
"erp_gender_agreement_300_600_midline_itemslope","language_difference",0.00817945892177988,-0.00911870183324759,0.0253184003745592,0.82165625
"erp_gender_agreement_300_600_midline_weakprior","overall",0.0103755890274951,0.00163122919881369,0.019157580464464,0.989625
"erp_gender_agreement_300_600_midline_weakprior","within_Mini-Norwegian",0.0150841707717063,0.00241763203132072,0.0276330250532857,0.99046875
"erp_gender_agreement_300_600_midline_weakprior","within_Mini-English",0.00585869537437422,-0.00626331935480203,0.0178355613415738,0.82834375
"erp_gender_agreement_300_600_midline_weakprior","language_difference",0.00914863192885923,-0.00808144342915182,0.0264319936636968,0.85221875
"erp_gender_agreement_300_600_midline_weakprior_itemslope","overall",0.010126385697102,0.00146864281629966,0.0188806266698001,0.9883125
"erp_gender_agreement_300_600_midline_weakprior_itemslope","within_Mini-Norwegian",0.0142610627332808,0.00161273220672498,0.0269434024120307,0.98690625
"erp_gender_agreement_300_600_midline_weakprior_itemslope","within_Mini-English",0.00613646977734826,-0.00597929087241882,0.0183704322171624,0.83740625
"erp_gender_agreement_300_600_midline_weakprior_itemslope","language_difference",0.00816333823050604,-0.00922195230312184,0.0257109563824277,0.81515625
"erp_gender_agreement_300_600_midline_retfree","overall",0.00571115185,-0.0289789709,0.040849897775,0.62796875
"erp_gender_agreement_300_600_midline_retfree","within_Mini-Norwegian",0.0577832833050369,0.00818618507151025,0.107883648280531,0.989
"erp_gender_agreement_300_600_midline_retfree","within_Mini-English",-0.0449052205708535,-0.0938922155029511,0.00516255236047851,0.95971875
"erp_gender_agreement_300_600_midline_retfree","language_difference",0.102539154715614,0.0310059802754759,0.17334847541136,0.99775
"erp_gender_agreement_300_600_midline_itemslope_retfree","overall",0.00640505385,-0.028296849225,0.0412766747,0.6428125
"erp_gender_agreement_300_600_midline_itemslope_retfree","within_Mini-Norwegian",0.0582357477387015,0.00769094098775134,0.10892363942619,0.98803125
"erp_gender_agreement_300_600_midline_itemslope_retfree","within_Mini-English",-0.0440742441528796,-0.0924189690412484,0.00508999335444049,0.96121875
"erp_gender_agreement_300_600_midline_itemslope_retfree","language_difference",0.102026511750843,0.0307783452615649,0.173070826641144,0.9975
"erp_gender_agreement_400_900_lateral","overall",0.0155555156151338,0.00933719731152472,0.0217779531561999,1
"erp_gender_agreement_400_900_lateral","within_Mini-Norwegian",0.0122021933681175,0.00312877465830149,0.0213923846630753,0.995875
"erp_gender_agreement_400_900_lateral","within_Mini-English",0.0188036297859575,0.0101030052812365,0.0274133856578841,1
"erp_gender_agreement_400_900_lateral","language_difference",-0.00655255327733684,-0.0190449302757072,0.0059318859604043,0.8448125
"erp_gender_agreement_400_900_lateral_itemslope","overall",0.015456919327539,0.00919767357103684,0.0216916557708658,1
"erp_gender_agreement_400_900_lateral_itemslope","within_Mini-Norwegian",0.0118731211082279,0.00268758971270603,0.0208447241296285,0.99484375
"erp_gender_agreement_400_900_lateral_itemslope","within_Mini-English",0.0189777314036699,0.0102516008062644,0.0277186955855851,1
"erp_gender_agreement_400_900_lateral_itemslope","language_difference",-0.00714444691409823,-0.0198354218584668,0.00544170477564637,0.86671875
"erp_gender_agreement_400_900_lateral_weakprior","overall",0.0155305136593632,0.00930831005906843,0.0218661526795975,1
"erp_gender_agreement_400_900_lateral_weakprior","within_Mini-Norwegian",0.0121947048189072,0.00314985205342893,0.0213820150694657,0.995375
"erp_gender_agreement_400_900_lateral_weakprior","within_Mini-English",0.0187855829141623,0.0101898560988568,0.0274544999568631,1
"erp_gender_agreement_400_900_lateral_weakprior","language_difference",-0.00654283765923453,-0.0192604070285212,0.00598728560820106,0.845625
"erp_gender_agreement_400_900_lateral_weakprior_itemslope","overall",0.0154647396333244,0.00922380079120099,0.0217436922517338,1
"erp_gender_agreement_400_900_lateral_weakprior_itemslope","within_Mini-Norwegian",0.0118704654295238,0.00276660603553214,0.0209060204042666,0.9954375
"erp_gender_agreement_400_900_lateral_weakprior_itemslope","within_Mini-English",0.0189847202751502,0.0102631408288362,0.0275601740340594,1
"erp_gender_agreement_400_900_lateral_weakprior_itemslope","language_difference",-0.00711780825047484,-0.0196836873701833,0.00559185605211775,0.86528125
"erp_gender_agreement_400_900_lateral_retfree","overall",0.000135294395,-0.025261610175,0.025260483525,0.50478125
"erp_gender_agreement_400_900_lateral_retfree","within_Mini-Norwegian",0.0238424224227584,-0.0119503213852324,0.0599475287575316,0.90359375
"erp_gender_agreement_400_900_lateral_retfree","within_Mini-English",-0.023230099706416,-0.058486265149992,0.0119977481426413,0.9005
"erp_gender_agreement_400_900_lateral_retfree","language_difference",0.047174235709883,-0.0026457462541929,0.0972242301821639,0.968375
"erp_gender_agreement_400_900_lateral_itemslope_retfree","overall",0.000629931885,-0.024990505275,0.025930424875,0.51878125
"erp_gender_agreement_400_900_lateral_itemslope_retfree","within_Mini-Norwegian",0.0241527875479606,-0.0116255007847117,0.0602617094419339,0.90546875
"erp_gender_agreement_400_900_lateral_itemslope_retfree","within_Mini-English",-0.0223189418021394,-0.0578427118502801,0.0132806146798749,0.8905
"erp_gender_agreement_400_900_lateral_itemslope_retfree","language_difference",0.0466293548959387,-0.00450933717062445,0.0970121630690161,0.96359375
"erp_gender_agreement_400_900_midline","overall",0.0192231142076413,0.0102587311694862,0.0281777950096122,1
"erp_gender_agreement_400_900_midline","within_Mini-Norwegian",0.0194385868988928,0.00634913107157228,0.0324879293614813,0.99803125
"erp_gender_agreement_400_900_midline","within_Mini-English",0.0189186063525749,0.00657523171532877,0.0312125063217743,0.99834375
"erp_gender_agreement_400_900_midline","language_difference",0.000425038290955875,-0.0172907029903209,0.0186587270962185,0.51909375
"erp_gender_agreement_400_900_midline_itemslope","overall",0.0190318159494142,0.0101146507190738,0.0279565337044657,1
"erp_gender_agreement_400_900_midline_itemslope","within_Mini-Norwegian",0.0188855278769578,0.00577327780247723,0.0320648165147537,0.99840625
"erp_gender_agreement_400_900_midline_itemslope","within_Mini-English",0.0191425093543232,0.00671638719254315,0.0315824410826747,0.99896875
"erp_gender_agreement_400_900_midline_itemslope","language_difference",-0.000236265237522591,-0.0184201890027674,0.0179200136589335,0.5106875
"erp_gender_agreement_400_900_midline_weakprior","overall",0.0191968378159865,0.0102481950837386,0.0282315506073982,1
"erp_gender_agreement_400_900_midline_weakprior","within_Mini-Norwegian",0.0194526529124523,0.00639873224032337,0.0324488268740717,0.998375
"erp_gender_agreement_400_900_midline_weakprior","within_Mini-English",0.0189335982045422,0.0065051226437155,0.0313933678632884,0.99834375
"erp_gender_agreement_400_900_midline_weakprior","language_difference",0.000551825253251113,-0.017414448304783,0.0183792581925506,0.5221875
"erp_gender_agreement_400_900_midline_weakprior_itemslope","overall",0.0190744968673693,0.00990011899695691,0.0280126531099206,0.9999375
"erp_gender_agreement_400_900_midline_weakprior_itemslope","within_Mini-Norwegian",0.0190151742417552,0.00574130447379595,0.0320548847645852,0.99771875
"erp_gender_agreement_400_900_midline_weakprior_itemslope","within_Mini-English",0.0190905980075335,0.00663770105652631,0.0314449295567834,0.99809375
"erp_gender_agreement_400_900_midline_weakprior_itemslope","language_difference",-0.000107546694444557,-0.0181442284244197,0.017990550906884,0.50390625
"erp_gender_agreement_400_900_midline_retfree","overall",-0.011775285,-0.048243823125,0.024608721375,0.73753125
"erp_gender_agreement_400_900_midline_retfree","within_Mini-Norwegian",0.0334552200431603,-0.0180845885062726,0.0855480824756127,0.899125
"erp_gender_agreement_400_900_midline_retfree","within_Mini-English",-0.0558381516182909,-0.106859748034346,-0.00582354299924604,0.9846875
"erp_gender_agreement_400_900_midline_retfree","language_difference",0.0894440734781964,0.0174133981501272,0.162934642108721,0.992625
"erp_gender_agreement_400_900_midline_itemslope_retfree","overall",-0.011710786,-0.04823189305,0.02418732215,0.7355
"erp_gender_agreement_400_900_midline_itemslope_retfree","within_Mini-Norwegian",0.0327641265694201,-0.0189426182622207,0.0849174099367937,0.88921875
"erp_gender_agreement_400_900_midline_itemslope_retfree","within_Mini-English",-0.0551195981164163,-0.105609394921708,-0.00400455480206739,0.9820625
"erp_gender_agreement_400_900_midline_itemslope_retfree","language_difference",0.0880286874199921,0.0142309408850156,0.160840432053053,0.99046875
"erp_verb_object_number_agreement_200_500_lateral","overall",0.0104461113644219,-0.00988219466885603,0.0309702512178819,0.8418125
"erp_verb_object_number_agreement_200_500_lateral","within_Mini-Norwegian",0.0198167235969042,-0.0093108157777783,0.0487902276133799,0.90665625
"erp_verb_object_number_agreement_200_500_lateral","within_Mini-English",0.000550753795875437,-0.0278611151540077,0.0287791074722153,0.51434375
"erp_verb_object_number_agreement_200_500_lateral","language_difference",0.0192578660346406,-0.0214740251899294,0.0599268177054841,0.82071875
"erp_verb_object_number_agreement_200_500_lateral_itemslope","overall",0.010796842171373,-0.00961455807018006,0.0310137154187842,0.84775
"erp_verb_object_number_agreement_200_500_lateral_itemslope","within_Mini-Norwegian",0.0187270795271816,-0.0100233979262301,0.0476696639420624,0.90015625
"erp_verb_object_number_agreement_200_500_lateral_itemslope","within_Mini-English",0.0021981934954286,-0.0267066825465833,0.0310639967988661,0.559125
"erp_verb_object_number_agreement_200_500_lateral_itemslope","language_difference",0.0163787705523761,-0.0243986545865097,0.0574697328943333,0.78709375
"erp_verb_object_number_agreement_200_500_lateral_weakprior","overall",0.0104113661201784,-0.00985255459282229,0.0306804108167061,0.842
"erp_verb_object_number_agreement_200_500_lateral_weakprior","within_Mini-Norwegian",0.0197759667173753,-0.00917505827419087,0.0486936553235458,0.910375
"erp_verb_object_number_agreement_200_500_lateral_weakprior","within_Mini-English",0.000443630221875641,-0.0280459134168049,0.0291437066371507,0.51190625
"erp_verb_object_number_agreement_200_500_lateral_weakprior","language_difference",0.0192990115083208,-0.021349032979834,0.0603147817441893,0.82296875
"erp_verb_object_number_agreement_200_500_lateral_weakprior_itemslope","overall",0.0106742180450323,-0.00985795871494909,0.0309077087454463,0.849875
"erp_verb_object_number_agreement_200_500_lateral_weakprior_itemslope","within_Mini-Norwegian",0.0186090574367716,-0.0102461036923781,0.0471978101768654,0.89628125
"erp_verb_object_number_agreement_200_500_lateral_weakprior_itemslope","within_Mini-English",0.00241280888009006,-0.0263819832287861,0.0309282641393117,0.56325
"erp_verb_object_number_agreement_200_500_lateral_weakprior_itemslope","language_difference",0.0163006023774681,-0.0246867468052695,0.0567469961519119,0.78428125
"erp_verb_object_number_agreement_200_500_midline","overall",-0.00088815853629415,-0.0294467794445609,0.0280992197136198,0.52359375
"erp_verb_object_number_agreement_200_500_midline","within_Mini-Norwegian",0.00765475899046264,-0.0331559009154284,0.0484785825466907,0.64278125
"erp_verb_object_number_agreement_200_500_midline","within_Mini-English",-0.00986608919291204,-0.050507133927182,0.0308633487584048,0.6821875
"erp_verb_object_number_agreement_200_500_midline","language_difference",0.0174078581197226,-0.0393145832597963,0.0748216921986323,0.723
"erp_verb_object_number_agreement_200_500_midline_itemslope","overall",-0.00156690702465703,-0.030280701027464,0.0272973599322545,0.53996875
"erp_verb_object_number_agreement_200_500_midline_itemslope","within_Mini-Norwegian",0.00474665136196277,-0.0359992725726455,0.0450504522250975,0.59103125
"erp_verb_object_number_agreement_200_500_midline_itemslope","within_Mini-English",-0.00805243695847904,-0.0484969634424729,0.0326650664834112,0.65075
"erp_verb_object_number_agreement_200_500_midline_itemslope","language_difference",0.012711620224907,-0.0449008637631785,0.0704862254866014,0.66784375
"erp_verb_object_number_agreement_200_500_midline_weakprior","overall",-0.000964182519961201,-0.029601375530872,0.0277926253971268,0.52553125
"erp_verb_object_number_agreement_200_500_midline_weakprior","within_Mini-Norwegian",0.00757726926044371,-0.0327449835642763,0.0479136882144381,0.64396875
"erp_verb_object_number_agreement_200_500_midline_weakprior","within_Mini-English",-0.00995479114624921,-0.0507136221971287,0.0310447572958625,0.68521875
"erp_verb_object_number_agreement_200_500_midline_weakprior","language_difference",0.0173556238188995,-0.0400159782379385,0.0743349674667801,0.72484375
"erp_verb_object_number_agreement_200_500_midline_weakprior_itemslope","overall",-0.00137253056272011,-0.0297962653571163,0.0268039922812742,0.53721875
"erp_verb_object_number_agreement_200_500_midline_weakprior_itemslope","within_Mini-Norwegian",0.00488308448009038,-0.0357147783083049,0.045086261903287,0.59378125
"erp_verb_object_number_agreement_200_500_midline_weakprior_itemslope","within_Mini-English",-0.00816607517793783,-0.0480500878132623,0.0323775179914216,0.6535
"erp_verb_object_number_agreement_200_500_midline_weakprior_itemslope","language_difference",0.0129495776208682,-0.0442863376546354,0.0696555407829841,0.6675
"erp_verb_object_number_agreement_300_600_lateral","overall",0.0141953743925529,-0.00679936028430275,0.0356358847714326,0.90340625
"erp_verb_object_number_agreement_300_600_lateral","within_Mini-Norwegian",0.0218723020857163,-0.00810629731369421,0.0518442233923838,0.92178125
"erp_verb_object_number_agreement_300_600_lateral","within_Mini-English",0.00598620855038954,-0.0239325067194495,0.0358120676191121,0.656
"erp_verb_object_number_agreement_300_600_lateral","language_difference",0.0158149553324722,-0.0261053561615889,0.0579714124090672,0.76846875
"erp_verb_object_number_agreement_300_600_lateral_itemslope","overall",0.0135781132662258,-0.00746341204202612,0.0348206355324527,0.895875
"erp_verb_object_number_agreement_300_600_lateral_itemslope","within_Mini-Norwegian",0.0190633000225824,-0.0106210822101112,0.0493548503918336,0.89425
"erp_verb_object_number_agreement_300_600_lateral_itemslope","within_Mini-English",0.00781018836002551,-0.0217199818010049,0.0375436386510145,0.694
"erp_verb_object_number_agreement_300_600_lateral_itemslope","language_difference",0.0112229546995216,-0.030277102240347,0.0539124576096546,0.699125
"erp_verb_object_number_agreement_300_600_lateral_weakprior","overall",0.014228361324948,-0.00680444747059108,0.0353163603952248,0.90578125
"erp_verb_object_number_agreement_300_600_lateral_weakprior","within_Mini-Norwegian",0.0220172706111892,-0.0082516096999218,0.0518292027412762,0.92303125
"erp_verb_object_number_agreement_300_600_lateral_weakprior","within_Mini-English",0.00603208592390268,-0.0237747147511408,0.0356503625697117,0.6554375
"erp_verb_object_number_agreement_300_600_lateral_weakprior","language_difference",0.0157956873559264,-0.0264990796111082,0.0581933551632646,0.7666875
"erp_verb_object_number_agreement_300_600_lateral_weakprior_itemslope","overall",0.0135313492268037,-0.00725316821458325,0.0347237765289127,0.8965625
"erp_verb_object_number_agreement_300_600_lateral_weakprior_itemslope","within_Mini-Norwegian",0.0189917434049984,-0.0107395433242638,0.0494388499071331,0.89459375
"erp_verb_object_number_agreement_300_600_lateral_weakprior_itemslope","within_Mini-English",0.00756662737893192,-0.0220079448037736,0.0372509089313973,0.69246875
"erp_verb_object_number_agreement_300_600_lateral_weakprior_itemslope","language_difference",0.0114237322857307,-0.0308014153257162,0.0544343856660449,0.6990625
"erp_verb_object_number_agreement_300_600_midline","overall",0.00850496836556791,-0.0214036792323009,0.0383364860030196,0.7051875
"erp_verb_object_number_agreement_300_600_midline","within_Mini-Norwegian",0.0177463369683821,-0.024113246460923,0.0595798663990446,0.79428125
"erp_verb_object_number_agreement_300_600_midline","within_Mini-English",-0.0015987200922401,-0.0435524891412886,0.0407711032422783,0.529
"erp_verb_object_number_agreement_300_600_midline","language_difference",0.019402508194671,-0.0403095850348424,0.0787273366918874,0.7371875
"erp_verb_object_number_agreement_300_600_midline_itemslope","overall",0.00739483676363383,-0.0222348281018989,0.0365354565805055,0.68378125
"erp_verb_object_number_agreement_300_600_midline_itemslope","within_Mini-Norwegian",0.0137387754226885,-0.0282775650086226,0.0557737788530396,0.73575
"erp_verb_object_number_agreement_300_600_midline_itemslope","within_Mini-English",0.000458869600002055,-0.0413848371951879,0.0420548085649924,0.50821875
"erp_verb_object_number_agreement_300_600_midline_itemslope","language_difference",0.0134792376704866,-0.0459696384423174,0.0730955389554094,0.66634375
"erp_verb_object_number_agreement_300_600_midline_weakprior","overall",0.00837048243944204,-0.0217246642943661,0.0382093212241397,0.70571875
"erp_verb_object_number_agreement_300_600_midline_weakprior","within_Mini-Norwegian",0.0177322503528857,-0.0243798534235985,0.0600440572321864,0.796
"erp_verb_object_number_agreement_300_600_midline_weakprior","within_Mini-English",-0.00185938528889456,-0.0440384209789441,0.040584118545371,0.5323125
"erp_verb_object_number_agreement_300_600_midline_weakprior","language_difference",0.0195034685529183,-0.0403547242627426,0.0793360589664949,0.7391875
"erp_verb_object_number_agreement_300_600_midline_weakprior_itemslope","overall",0.00708999270611771,-0.0225721497835878,0.0370543804257813,0.6794375
"erp_verb_object_number_agreement_300_600_midline_weakprior_itemslope","within_Mini-Norwegian",0.0136031171161464,-0.0287191518406001,0.0560103454771765,0.73684375
"erp_verb_object_number_agreement_300_600_midline_weakprior_itemslope","within_Mini-English",0.000170473986576276,-0.0418964977093399,0.0420289816736323,0.503875
"erp_verb_object_number_agreement_300_600_midline_weakprior_itemslope","language_difference",0.013649991960379,-0.0459778339255918,0.0732956489788335,0.67171875
"erp_verb_object_number_agreement_400_900_lateral","overall",0.0311672355742622,0.00901404891614835,0.0533644970925803,0.99734375
"erp_verb_object_number_agreement_400_900_lateral","within_Mini-Norwegian",0.0586649989597587,0.0272827280087366,0.0897402092476565,0.9999375
"erp_verb_object_number_agreement_400_900_lateral","within_Mini-English",0.00196636601635018,-0.029227654278159,0.0335810135388163,0.5505
"erp_verb_object_number_agreement_400_900_lateral","language_difference",0.0565241330885089,0.0122771238713262,0.100579480026152,0.99428125
"erp_verb_object_number_agreement_400_900_lateral_itemslope","overall",0.0305211932502309,0.0083740382152998,0.0525949051637911,0.9966875
"erp_verb_object_number_agreement_400_900_lateral_itemslope","within_Mini-Norwegian",0.0551306418008736,0.024086368187349,0.0865947950836075,0.99978125
"erp_verb_object_number_agreement_400_900_lateral_itemslope","within_Mini-English",0.00434220648502872,-0.0271211430526905,0.0357331893476066,0.6050625
"erp_verb_object_number_agreement_400_900_lateral_itemslope","language_difference",0.0507907172242645,0.00658562748781155,0.0954706650068809,0.988
"erp_verb_object_number_agreement_400_900_lateral_weakprior","overall",0.0310949489660206,0.00871985255940233,0.0535296030864258,0.99690625
"erp_verb_object_number_agreement_400_900_lateral_weakprior","within_Mini-Norwegian",0.0584249209799385,0.0271883647118748,0.0895199283417167,0.99984375
"erp_verb_object_number_agreement_400_900_lateral_weakprior","within_Mini-English",0.00197337710831457,-0.0290309246154227,0.0332269844835892,0.55034375
"erp_verb_object_number_agreement_400_900_lateral_weakprior","language_difference",0.0563785920597917,0.0128005105195973,0.0997846579884761,0.9943125
"erp_verb_object_number_agreement_400_900_lateral_weakprior_itemslope","overall",0.0305111618229367,0.00824375867322056,0.0530044569472631,0.99671875
"erp_verb_object_number_agreement_400_900_lateral_weakprior_itemslope","within_Mini-Norwegian",0.0551736544134056,0.0243225612171212,0.0865431401266218,0.99978125
"erp_verb_object_number_agreement_400_900_lateral_weakprior_itemslope","within_Mini-English",0.00422245283164452,-0.027002050489913,0.0359136805061555,0.60703125
"erp_verb_object_number_agreement_400_900_lateral_weakprior_itemslope","language_difference",0.0511277083478476,0.00728446087637289,0.0953140330041522,0.988375
"erp_verb_object_number_agreement_400_900_midline","overall",0.0308681057939311,-0.000749465827209159,0.0625067745422698,0.97234375
"erp_verb_object_number_agreement_400_900_midline","within_Mini-Norwegian",0.0590508914452604,0.0148594518427038,0.104139710562766,0.9955625
"erp_verb_object_number_agreement_400_900_midline","within_Mini-English",0.000750165170905347,-0.0436612973254403,0.0451136673302251,0.51365625
"erp_verb_object_number_agreement_400_900_midline","language_difference",0.0580786165362693,-0.00353158891626402,0.121241581671822,0.96690625
"erp_verb_object_number_agreement_400_900_midline_itemslope","overall",0.0300295838312126,-0.00166808936624374,0.0612119021415702,0.9685625
"erp_verb_object_number_agreement_400_900_midline_itemslope","within_Mini-Norwegian",0.0546065278754309,0.0106711149414314,0.0988044425827429,0.99265625
"erp_verb_object_number_agreement_400_900_midline_itemslope","within_Mini-English",0.00392014056291697,-0.0409133720188343,0.0475405944829152,0.566125
"erp_verb_object_number_agreement_400_900_midline_itemslope","language_difference",0.0508953720677085,-0.0109899870240029,0.113780048409388,0.94640625
"erp_verb_object_number_agreement_400_900_midline_weakprior","overall",0.0308020210295829,-0.00041344158167481,0.0622669773541692,0.97371875
"erp_verb_object_number_agreement_400_900_midline_weakprior","within_Mini-Norwegian",0.0590649677976695,0.0148886980626845,0.103131941688894,0.99465625
"erp_verb_object_number_agreement_400_900_midline_weakprior","within_Mini-English",0.000942366271334403,-0.0431130375480705,0.0454938914374385,0.516625
"erp_verb_object_number_agreement_400_900_midline_weakprior","language_difference",0.0578810750372301,-0.00434863313088835,0.120347821117047,0.9651875
"erp_verb_object_number_agreement_400_900_midline_weakprior_itemslope","overall",0.0298308315531117,-0.00148683153375939,0.0612296902291369,0.9686875
"erp_verb_object_number_agreement_400_900_midline_weakprior_itemslope","within_Mini-Norwegian",0.0545380729477757,0.0107842491672177,0.0987222673987904,0.99275
"erp_verb_object_number_agreement_400_900_midline_weakprior_itemslope","within_Mini-English",0.00366072217418797,-0.0405520078183579,0.047605625074208,0.564125
"erp_verb_object_number_agreement_400_900_midline_weakprior_itemslope","language_difference",0.0509727019606945,-0.0108064241061577,0.113463198093354,0.94759375
"accuracy_gender_agreement","overall",0.191340765225948,0.124198918559185,0.259191611027089,1
"accuracy_gender_agreement","within_Mini-Norwegian",0.342036781717325,0.25838745116249,0.425124608806679,1
"accuracy_gender_agreement","within_Mini-English",0.0385232391541022,-0.0676617199445163,0.144815185109863,0.76325
"accuracy_gender_agreement","language_difference",0.303234788004271,0.169953405613615,0.435582432461457,1
"accuracy_differential_object_marking","overall",-0.310957679137664,-0.411766245396853,-0.209853559892884,1
"accuracy_differential_object_marking","within_Mini-Norwegian",-0.224828430425039,-0.349370140195733,-0.101129829093035,0.9999375
"accuracy_differential_object_marking","within_Mini-English",-0.40462193429739,-0.570060737294763,-0.24305450290749,1
"accuracy_differential_object_marking","language_difference",0.180244890676961,-0.0223439668690347,0.386901839784404,0.95878125
"accuracy_verb_object_number_agreement","overall",-0.105368448953608,-0.268681982509399,0.0604473674908581,0.8934375
"accuracy_verb_object_number_agreement","within_Mini-Norwegian",-0.0202556934796425,-0.247330913805562,0.20774245235295,0.5683125
"accuracy_verb_object_number_agreement","within_Mini-English",-0.200585025253357,-0.437615845772242,0.0369352867176035,0.9508125
"accuracy_verb_object_number_agreement","language_difference",0.18171697953653,-0.151438306717727,0.508124972669847,0.857125
