participant_lab_ID,session,phase,start_ms,end_ms,duration_min,boundary,source_file,participant_home_ID,language
1,2,pretraining,47120,269633,3.70855,next phase start,subject-1.csv,hnzm9,Mini-English
10,2,pretraining,844721,1008415,2.7282333333333333,next phase start,subject-10.csv,crar9,Mini-Norwegian
11,2,pretraining,1095451,1197509,1.7009666666666667,next phase start,subject-11.csv,uyxx3,Mini-English
12,2,pretraining,808691,877551,1.1476666666666666,next phase start,subject-12.csv,fqrf6,Mini-Norwegian
13,2,pretraining,1001061,1253726,4.211083333333334,next phase start,subject-13.csv,ezje7,Mini-English
14,2,pretraining,1413269,1551210,2.2990166666666667,next phase start,subject-14.csv,finc3,Mini-Norwegian
15,2,pretraining,1580784,1835882,4.251633333333333,next phase start,subject-15.csv,gxac7,Mini-English
16,2,pretraining,1148892,1347254,3.306033333333333,next phase start,subject-16.csv,rvax5,Mini-Norwegian
17,2,pretraining,792614,1107758,5.2524,next phase start,subject-17.csv,ksjo8,Mini-English
18,2,pretraining,880112,982170,1.7009666666666667,next phase start,subject-18.csv,ltsl3,Mini-Norwegian
19,2,pretraining,1269973,1434788,2.7469166666666665,next phase start,subject-19.csv,zuwa4,Mini-English
2,2,pretraining,1215308,1395389,3.00135,next phase start,subject-2.csv,rqed8,Mini-Norwegian
20,2,pretraining,1332679,1474748,2.3678166666666667,next phase start,subject-20.csv,wbij5,Mini-Norwegian
21,2,pretraining,975938,1264187,4.80415,next phase start,subject-21.csv,ztwr3,Mini-English
22,2,pretraining,897212,1119044,3.6972,next phase start,subject-22.csv,wjob1,Mini-Norwegian
23,2,pretraining,872919,1151816,4.6482833333333335,next phase start,subject-23.csv,dbrb5,Mini-English
24,2,pretraining,924414,1230196,5.0963666666666665,next phase start,subject-24.csv,ahsw7,Mini-Norwegian
25,2,pretraining,788430,1120332,5.5317,next phase start,subject-25.csv,noyy6,Mini-English
26,2,pretraining,801406,1000070,3.3110666666666666,next phase start,subject-26.csv,zhao8,Mini-Norwegian
27,2,pretraining,885095,1215976,5.514683333333333,next phase start,subject-27.csv,qlhb2,Mini-English
28,2,pretraining,863400,1144161,4.67935,next phase start,subject-28.csv,rlgy8,Mini-Norwegian
29,2,pretraining,756388,996275,3.9981166666666668,next phase start,subject-29.csv,usjs8,Mini-English
3,2,pretraining,919405,1168685,4.1546666666666665,next phase start,subject-3.csv,xqls8,Mini-English
30,2,pretraining,791622,1158528,6.1151,next phase start,subject-30.csv,yozx4,Mini-Norwegian
31,2,pretraining,746932,943252,3.272,next phase start,subject-31.csv,zllv8,Mini-English
32,2,pretraining,1164062,1338260,2.9033,next phase start,subject-32.csv,gjop6,Mini-Norwegian
33,2,pretraining,781265,970896,3.1605166666666666,next phase start,subject-33.csv,mrbf1,Mini-English
34,2,pretraining,779523,1014059,3.908933333333333,next phase start,subject-34.csv,cgju5,Mini-Norwegian
35,2,pretraining,842794,1044832,3.3673,next phase start,subject-35.csv,uicn9,Mini-English
36,2,pretraining,847781,1197182,5.82335,next phase start,subject-36.csv,zuff1,Mini-Norwegian
37,2,pretraining,969881,1187424,3.6257166666666665,next phase start,subject-37.csv,hymj4,Mini-English
38,2,pretraining,871624,1198061,5.440616666666667,next phase start,subject-38.csv,idyh6,Mini-Norwegian
39,2,pretraining,849618,1087569,3.96585,next phase start,subject-39.csv,fwma9,Mini-English
4,2,pretraining,893923,1222333,5.4735,next phase start,subject-4.csv,qgsl9,Mini-Norwegian
40,2,pretraining,830522,1083177,4.210916666666667,next phase start,subject-40.csv,bder6,Mini-Norwegian
41,2,pretraining,815744,1012015,3.2711833333333336,next phase start,subject-41.csv,chkk1,Mini-English
42,2,pretraining,832134,979630,2.458266666666667,next phase start,subject-42.csv,yzud1,Mini-Norwegian
43,2,pretraining,816719,1112455,4.928933333333333,next phase start,subject-43.csv,fkft1,Mini-English
44,2,pretraining,813124,1070509,4.28975,next phase start,subject-44.csv,kvrn1,Mini-Norwegian
45,2,pretraining,751133,1103069,5.8656,next phase start,subject-45.csv,monr7,Mini-English
46,2,pretraining,842406,1119772,4.622766666666666,next phase start,subject-46.csv,bdjk0,Mini-Norwegian
47,2,pretraining,881483,1207445,5.4327,next phase start,subject-47.csv,swbd5,Mini-English
48,2,pretraining,831364,1203021,6.194283333333333,next phase start,subject-48.csv,kixs9,Mini-Norwegian
49,2,pretraining,824098,1031458,3.456,next phase start,subject-49.csv,sjnh6,Mini-English
5,2,pretraining,1049797,1335790,4.76655,next phase start,subject-5.csv,pson3,Mini-English
51,2,pretraining,763594,1071049,5.12425,next phase start,subject-51.csv,trpu0,Mini-English
52,2,pretraining,807341,1035376,3.8005833333333334,next phase start,subject-52.csv,mvse0,Mini-Norwegian
53,2,pretraining,731131,966283,3.9192,next phase start,subject-53.csv,sxhv6,Mini-English
54,2,pretraining,833666,1129380,4.928566666666667,next phase start,subject-54.csv,dzyb1,Mini-Norwegian
55,2,pretraining,745718,971143,3.7570833333333336,next phase start,subject-55.csv,jlos1,Mini-English
56,2,pretraining,1345529,1831509,8.099666666666666,next phase start,subject-56.csv,awfh6,Mini-Norwegian
57,2,pretraining,736276,873708,2.2905333333333333,next phase start,subject-57.csv,mtjw7,Mini-English
58,2,pretraining,796243,1294620,8.306283333333333,next phase start,subject-58.csv,rodf4,Mini-Norwegian
59,2,pretraining,880685,1130228,4.15905,next phase start,subject-59.csv,mhbu4,Mini-English
6,2,pretraining,943411,1396422,7.550183333333333,next phase start,subject-6.csv,jpxp4,Mini-Norwegian
60,2,pretraining,765273,1175119,6.830766666666666,next phase start,subject-60.csv,kwly7,Mini-Norwegian
61,2,pretraining,861703,1422288,9.343083333333333,next phase start,subject-61.csv,uwfo3,Mini-English
62,2,pretraining,841734,1193092,5.855966666666666,next phase start,subject-62.csv,ymoq6,Mini-Norwegian
63,2,pretraining,762562,994409,3.864116666666667,next phase start,subject-63.csv,zygb0,Mini-English
64,2,pretraining,764074,1100009,5.598916666666667,next phase start,subject-64.csv,zkmg5,Mini-Norwegian
65,2,pretraining,830429,1272014,7.35975,next phase start,subject-65.csv,rsnb6,Mini-English
7,2,pretraining,1020618,1316481,4.93105,next phase start,subject-7.csv,qdvg4,Mini-English
8,2,pretraining,913145,1274458,6.021883333333333,next phase start,subject-8.csv,hcqa8,Mini-Norwegian
9,2,pretraining,923366,1102433,2.98445,next phase start,subject-9.csv,exdq7,Mini-English
1,2,training,269633,1070839,13.353433333333333,next phase start,subject-1.csv,hnzm9,Mini-English
10,2,training,1008415,1737571,12.1526,next phase start,subject-10.csv,crar9,Mini-Norwegian
11,2,training,1197509,1871753,11.2374,next phase start,subject-11.csv,uyxx3,Mini-English
12,2,training,877551,1600665,12.0519,next phase start,subject-12.csv,fqrf6,Mini-Norwegian
13,2,training,1253726,2898118,27.406533333333332,next phase start,subject-13.csv,ezje7,Mini-English
14,2,training,1551210,2369505,13.63825,next phase start,subject-14.csv,finc3,Mini-Norwegian
15,2,training,1835882,2813312,16.2905,next phase start,subject-15.csv,gxac7,Mini-English
16,2,training,1347254,2733208,23.099233333333334,next phase start,subject-16.csv,rvax5,Mini-Norwegian
17,2,training,1107758,1855415,12.46095,next phase start,subject-17.csv,ksjo8,Mini-English
18,2,training,982170,1800176,13.633433333333333,next phase start,subject-18.csv,ltsl3,Mini-Norwegian
19,2,training,1434788,2076540,10.695866666666667,next phase start,subject-19.csv,zuwa4,Mini-English
2,2,training,1395389,2126042,12.17755,next phase start,subject-2.csv,rqed8,Mini-Norwegian
20,2,training,1474748,2262034,13.121433333333334,next phase start,subject-20.csv,wbij5,Mini-Norwegian
21,2,training,1264187,3030856,29.444483333333334,next phase start,subject-21.csv,ztwr3,Mini-English
22,2,training,1119044,1921457,13.37355,next phase start,subject-22.csv,wjob1,Mini-Norwegian
23,2,training,1151816,2307535,19.261983333333333,next phase start,subject-23.csv,dbrb5,Mini-English
24,2,training,1230196,2280356,17.502666666666666,next phase start,subject-24.csv,ahsw7,Mini-Norwegian
25,2,training,1120332,2518285,23.299216666666666,next phase start,subject-25.csv,noyy6,Mini-English
26,2,training,1000070,1837589,13.95865,next phase start,subject-26.csv,zhao8,Mini-Norwegian
27,2,training,1215976,2518191,21.703583333333334,next phase start,subject-27.csv,qlhb2,Mini-English
28,2,training,1144161,2624449,24.671466666666667,next phase start,subject-28.csv,rlgy8,Mini-Norwegian
29,2,training,996275,1961256,16.083016666666666,next phase start,subject-29.csv,usjs8,Mini-English
3,2,training,1168685,2139649,16.182733333333335,next phase start,subject-3.csv,xqls8,Mini-English
30,2,training,1158528,2658830,25.005033333333333,next phase start,subject-30.csv,yozx4,Mini-Norwegian
31,2,training,943252,1833588,14.838933333333333,next phase start,subject-31.csv,zllv8,Mini-English
32,2,training,1338260,2088381,12.502016666666666,next phase start,subject-32.csv,gjop6,Mini-Norwegian
33,2,training,970896,2107752,18.9476,next phase start,subject-33.csv,mrbf1,Mini-English
34,2,training,1014059,1723466,11.82345,next phase start,subject-34.csv,cgju5,Mini-Norwegian
35,2,training,1044832,1959648,15.246933333333333,next phase start,subject-35.csv,uicn9,Mini-English
36,2,training,1197182,2279773,18.04318333333333,next phase start,subject-36.csv,zuff1,Mini-Norwegian
37,2,training,1187424,2288319,18.34825,next phase start,subject-37.csv,hymj4,Mini-English
38,2,training,1198061,2065788,14.462116666666667,next phase start,subject-38.csv,idyh6,Mini-Norwegian
39,2,training,1087569,2103423,16.9309,next phase start,subject-39.csv,fwma9,Mini-English
4,2,training,1222333,2469094,20.77935,next phase start,subject-4.csv,qgsl9,Mini-Norwegian
40,2,training,1083177,2055674,16.208283333333334,next phase start,subject-40.csv,bder6,Mini-Norwegian
41,2,training,1012015,1927456,15.25735,next phase start,subject-41.csv,chkk1,Mini-English
42,2,training,979630,1749964,12.8389,next phase start,subject-42.csv,yzud1,Mini-Norwegian
43,2,training,1112455,1877645,12.753166666666667,next phase start,subject-43.csv,fkft1,Mini-English
44,2,training,1070509,1874605,13.4016,next phase start,subject-44.csv,kvrn1,Mini-Norwegian
45,2,training,1103069,2536380,23.888516666666668,next phase start,subject-45.csv,monr7,Mini-English
46,2,training,1119772,1968941,14.152816666666666,next phase start,subject-46.csv,bdjk0,Mini-Norwegian
47,2,training,1207445,2668836,24.356516666666668,next phase start,subject-47.csv,swbd5,Mini-English
48,2,training,1203021,2652452,24.157183333333332,next phase start,subject-48.csv,kixs9,Mini-Norwegian
49,2,training,1031458,2422474,23.1836,next phase start,subject-49.csv,sjnh6,Mini-English
5,2,training,1335790,2301954,16.102733333333333,next phase start,subject-5.csv,pson3,Mini-English
51,2,training,1071049,1734208,11.05265,next phase start,subject-51.csv,trpu0,Mini-English
52,2,training,1035376,1626508,9.8522,next phase start,subject-52.csv,mvse0,Mini-Norwegian
53,2,training,966283,1798986,13.878383333333334,next phase start,subject-53.csv,sxhv6,Mini-English
54,2,training,1129380,2443034,21.894233333333332,next phase start,subject-54.csv,dzyb1,Mini-Norwegian
55,2,training,971143,1856796,14.760883333333334,next phase start,subject-55.csv,jlos1,Mini-English
56,2,training,1831509,3506690,27.91968333333333,next phase start,subject-56.csv,awfh6,Mini-Norwegian
57,2,training,873708,1490955,10.28745,next phase start,subject-57.csv,mtjw7,Mini-English
58,2,training,1294620,2317987,17.056116666666668,next phase start,subject-58.csv,rodf4,Mini-Norwegian
59,2,training,1130228,1950891,13.677716666666667,next phase start,subject-59.csv,mhbu4,Mini-English
6,2,training,1396422,2449553,17.552183333333332,next phase start,subject-6.csv,jpxp4,Mini-Norwegian
60,2,training,1175119,3026151,30.850533333333335,next phase start,subject-60.csv,kwly7,Mini-Norwegian
61,2,training,1422288,3149408,28.785333333333334,next phase start,subject-61.csv,uwfo3,Mini-English
62,2,training,1193092,2369244,19.602533333333334,next phase start,subject-62.csv,ymoq6,Mini-Norwegian
63,2,training,994409,1728673,12.237733333333333,next phase start,subject-63.csv,zygb0,Mini-English
64,2,training,1100009,2397098,21.61815,next phase start,subject-64.csv,zkmg5,Mini-Norwegian
65,2,training,1272014,2361581,18.15945,next phase start,subject-65.csv,rsnb6,Mini-English
7,2,training,1316481,2598421,21.365666666666666,next phase start,subject-7.csv,qdvg4,Mini-English
8,2,training,1274458,2352784,17.9721,next phase start,subject-8.csv,hcqa8,Mini-Norwegian
9,2,training,1102433,1870197,12.796066666666666,next phase start,subject-9.csv,exdq7,Mini-English
1,2,test,1070839,2402105,22.18776666666667,next phase start,subject-1.csv,hnzm9,Mini-English
10,2,test,1737571,3075838,22.30445,next phase start,subject-10.csv,crar9,Mini-Norwegian
11,2,test,1871753,2208719,5.6161,next phase start,subject-11.csv,uyxx3,Mini-English
12,2,test,1600665,1970302,6.160616666666667,next phase start,subject-12.csv,fqrf6,Mini-Norwegian
13,2,test,2898118,3713293,13.58625,next phase start,subject-13.csv,ezje7,Mini-English
14,2,test,2369505,2827261,7.629266666666667,next phase start,subject-14.csv,finc3,Mini-Norwegian
15,2,test,2813312,4638430,30.418633333333332,next phase start,subject-15.csv,gxac7,Mini-English
16,2,test,2733208,3165267,7.200983333333333,next phase start,subject-16.csv,rvax5,Mini-Norwegian
17,2,test,1855415,2267120,6.86175,next phase start,subject-17.csv,ksjo8,Mini-English
18,2,test,1800176,2698230,14.967566666666666,next phase start,subject-18.csv,ltsl3,Mini-Norwegian
19,2,test,2076540,2329782,4.2207,next phase start,subject-19.csv,zuwa4,Mini-English
2,2,test,2126042,3526860,23.346966666666667,next phase start,subject-2.csv,rqed8,Mini-Norwegian
20,2,test,2262034,3994922,28.881466666666668,next phase start,subject-20.csv,wbij5,Mini-Norwegian
21,2,test,3030856,3446869,6.93355,next phase start,subject-21.csv,ztwr3,Mini-English
22,2,test,1921457,2230461,5.150066666666667,next phase start,subject-22.csv,wjob1,Mini-Norwegian
23,2,test,2307535,2682585,6.2508333333333335,next phase start,subject-23.csv,dbrb5,Mini-English
24,2,test,2280356,3930120,27.496066666666668,next phase start,subject-24.csv,ahsw7,Mini-Norwegian
25,2,test,2518285,4300911,29.710433333333334,next phase start,subject-25.csv,noyy6,Mini-English
26,2,test,1837589,2079768,4.036316666666667,next phase start,subject-26.csv,zhao8,Mini-Norwegian
27,2,test,2518191,2855577,5.6231,next phase start,subject-27.csv,qlhb2,Mini-English
28,2,test,2624449,4392127,29.4613,next phase start,subject-28.csv,rlgy8,Mini-Norwegian
29,2,test,1961256,2332702,6.190766666666667,next phase start,subject-29.csv,usjs8,Mini-English
3,2,test,2139649,2495236,5.92645,next phase start,subject-3.csv,xqls8,Mini-English
30,2,test,2658830,3136347,7.958616666666667,next phase start,subject-30.csv,yozx4,Mini-Norwegian
31,2,test,1833588,2130805,4.953616666666667,next phase start,subject-31.csv,zllv8,Mini-English
32,2,test,2088381,3318487,20.501766666666665,next phase start,subject-32.csv,gjop6,Mini-Norwegian
33,2,test,2107752,2583380,7.927133333333333,next phase start,subject-33.csv,mrbf1,Mini-English
34,2,test,1723466,2116093,6.543783333333334,next phase start,subject-34.csv,cgju5,Mini-Norwegian
35,2,test,1959648,2333403,6.22925,next phase start,subject-35.csv,uicn9,Mini-English
36,2,test,2279773,3705872,23.768316666666667,next phase start,subject-36.csv,zuff1,Mini-Norwegian
37,2,test,2288319,4092115,30.063266666666667,next phase start,subject-37.csv,hymj4,Mini-English
38,2,test,2065788,3354904,21.485266666666668,next phase start,subject-38.csv,idyh6,Mini-Norwegian
39,2,test,2103423,2465891,6.041133333333334,next phase start,subject-39.csv,fwma9,Mini-English
4,2,test,2469094,3990363,25.354483333333334,last phase event,subject-4.csv,qgsl9,Mini-Norwegian
40,2,test,2055674,3284045,20.47285,next phase start,subject-40.csv,bder6,Mini-Norwegian
41,2,test,1927456,3626636,28.319666666666667,next phase start,subject-41.csv,chkk1,Mini-English
42,2,test,1749964,2919167,19.486716666666666,next phase start,subject-42.csv,yzud1,Mini-Norwegian
43,2,test,1877645,3023817,19.102866666666667,next phase start,subject-43.csv,fkft1,Mini-English
44,2,test,1874605,2153936,4.655516666666666,next phase start,subject-44.csv,kvrn1,Mini-Norwegian
45,2,test,2536380,4148375,26.866583333333335,next phase start,subject-45.csv,monr7,Mini-English
46,2,test,1968941,2333159,6.0703,next phase start,subject-46.csv,bdjk0,Mini-Norwegian
47,2,test,2668836,3109166,7.3388333333333335,next phase start,subject-47.csv,swbd5,Mini-English
48,2,test,2652452,3044648,6.5366,next phase start,subject-48.csv,kixs9,Mini-Norwegian
49,2,test,2422474,4059477,27.283383333333333,next phase start,subject-49.csv,sjnh6,Mini-English
5,2,test,2301954,3806163,25.07015,next phase start,subject-5.csv,pson3,Mini-English
51,2,test,1734208,2874869,19.011016666666666,next phase start,subject-51.csv,trpu0,Mini-English
52,2,test,1626508,2741158,18.5775,next phase start,subject-52.csv,mvse0,Mini-Norwegian
53,2,test,1798986,2109458,5.174533333333334,next phase start,subject-53.csv,sxhv6,Mini-English
54,2,test,2443034,2809383,6.105816666666667,next phase start,subject-54.csv,dzyb1,Mini-Norwegian
55,2,test,1856796,2236277,6.324683333333334,next phase start,subject-55.csv,jlos1,Mini-English
56,2,test,3506690,3882511,6.263683333333334,next phase start,subject-56.csv,awfh6,Mini-Norwegian
57,2,test,1490955,2672320,19.689416666666666,next phase start,subject-57.csv,mtjw7,Mini-English
58,2,test,2317987,3025263,11.787933333333333,next phase start,subject-58.csv,rodf4,Mini-Norwegian
59,2,test,1950891,2434756,8.064416666666666,next phase start,subject-59.csv,mhbu4,Mini-English
6,2,test,2449553,4009742,26.00315,next phase start,subject-6.csv,jpxp4,Mini-Norwegian
60,2,test,3026151,5113607,34.790933333333335,next phase start,subject-60.csv,kwly7,Mini-Norwegian
61,2,test,3149408,3555091,6.761383333333334,next phase start,subject-61.csv,uwfo3,Mini-English
62,2,test,2369244,3761336,23.201533333333334,next phase start,subject-62.csv,ymoq6,Mini-Norwegian
63,2,test,1728673,3457413,28.812333333333335,next phase start,subject-63.csv,zygb0,Mini-English
64,2,test,2397098,2769580,6.208033333333334,next phase start,subject-64.csv,zkmg5,Mini-Norwegian
65,2,test,2361581,4000673,27.3182,next phase start,subject-65.csv,rsnb6,Mini-English
7,2,test,2598421,2922623,5.403366666666667,next phase start,subject-7.csv,qdvg4,Mini-English
8,2,test,2352784,4249074,31.604833333333332,next phase start,subject-8.csv,hcqa8,Mini-Norwegian
9,2,test,1870197,2301672,7.19125,next phase start,subject-9.csv,exdq7,Mini-English
1,2,experiment,2402105,5422796,50.34485,last phase event,subject-1.csv,hnzm9,Mini-English
10,2,experiment,3075838,5925108,47.487833333333334,last phase event,subject-10.csv,crar9,Mini-Norwegian
11,2,experiment,2208719,5652186,57.39111666666667,last phase event,subject-11.csv,uyxx3,Mini-English
12,2,experiment,1970302,4760160,46.49763333333333,last phase event,subject-12.csv,fqrf6,Mini-Norwegian
13,2,experiment,3713293,6244011,42.17863333333333,last phase event,subject-13.csv,ezje7,Mini-English
14,2,experiment,2827261,5484240,44.282983333333334,last phase event,subject-14.csv,finc3,Mini-Norwegian
15,2,experiment,4638430,7689083,50.84421666666667,last phase event,subject-15.csv,gxac7,Mini-English
16,2,experiment,3165267,5588801,40.39223333333333,last phase event,subject-16.csv,rvax5,Mini-Norwegian
17,2,experiment,2267120,4759594,41.54123333333333,last phase event,subject-17.csv,ksjo8,Mini-English
18,2,experiment,2698230,5567885,47.82758333333334,last phase event,subject-18.csv,ltsl3,Mini-Norwegian
19,2,experiment,2329782,4776946,40.78606666666666,last phase event,subject-19.csv,zuwa4,Mini-English
2,2,experiment,3526860,6703764,52.9484,last phase event,subject-2.csv,rqed8,Mini-Norwegian
20,2,experiment,3994922,6518883,42.06601666666667,last phase event,subject-20.csv,wbij5,Mini-Norwegian
21,2,experiment,3446869,7059065,60.203266666666664,last phase event,subject-21.csv,ztwr3,Mini-English
22,2,experiment,2230461,4658164,40.46171666666667,last phase event,subject-22.csv,wjob1,Mini-Norwegian
23,2,experiment,2682585,5884174,53.35981666666667,last phase event,subject-23.csv,dbrb5,Mini-English
24,2,experiment,3930120,6284066,39.23243333333333,last phase event,subject-24.csv,ahsw7,Mini-Norwegian
25,2,experiment,4300911,7524600,53.72815,last phase event,subject-25.csv,noyy6,Mini-English
26,2,experiment,2079768,4875825,46.60095,last phase event,subject-26.csv,zhao8,Mini-Norwegian
27,2,experiment,2855577,6735769,64.66986666666666,last phase event,subject-27.csv,qlhb2,Mini-English
28,2,experiment,4392127,6973720,43.02655,last phase event,subject-28.csv,rlgy8,Mini-Norwegian
29,2,experiment,2332702,4906293,42.89318333333333,last phase event,subject-29.csv,usjs8,Mini-English
3,2,experiment,2495236,5790837,54.92668333333334,last phase event,subject-3.csv,xqls8,Mini-English
30,2,experiment,3136347,6596809,57.674366666666664,last phase event,subject-30.csv,yozx4,Mini-Norwegian
31,2,experiment,2130805,4855143,45.405633333333334,last phase event,subject-31.csv,zllv8,Mini-English
32,2,experiment,3318487,5964093,44.09343333333333,last phase event,subject-32.csv,gjop6,Mini-Norwegian
33,2,experiment,2583380,5498810,48.5905,last phase event,subject-33.csv,mrbf1,Mini-English
34,2,experiment,2116093,4472747,39.277566666666665,last phase event,subject-34.csv,cgju5,Mini-Norwegian
35,2,experiment,2333403,5393515,51.001866666666665,last phase event,subject-35.csv,uicn9,Mini-English
36,2,experiment,3705872,6048087,39.03691666666667,last phase event,subject-36.csv,zuff1,Mini-Norwegian
37,2,experiment,4092115,6722898,43.846383333333335,last phase event,subject-37.csv,hymj4,Mini-English
38,2,experiment,3354904,5447614,34.8785,last phase event,subject-38.csv,idyh6,Mini-Norwegian
39,2,experiment,2465891,5146941,44.68416666666667,last phase event,subject-39.csv,fwma9,Mini-English
40,2,experiment,3284045,5763407,41.3227,last phase event,subject-40.csv,bder6,Mini-Norwegian
41,2,experiment,3626636,7135680,58.484066666666664,last phase event,subject-41.csv,chkk1,Mini-English
42,2,experiment,2919167,5553079,43.89853333333333,last phase event,subject-42.csv,yzud1,Mini-Norwegian
43,2,experiment,3023817,5491515,41.1283,last phase event,subject-43.csv,fkft1,Mini-English
44,2,experiment,2153936,4295624,35.6948,last phase event,subject-44.csv,kvrn1,Mini-Norwegian
45,2,experiment,4148375,7671496,58.71868333333333,last phase event,subject-45.csv,monr7,Mini-English
46,2,experiment,2333159,5379127,50.766133333333336,last phase event,subject-46.csv,bdjk0,Mini-Norwegian
47,2,experiment,3109166,7805175,78.26681666666667,last phase event,subject-47.csv,swbd5,Mini-English
48,2,experiment,3044648,7657193,76.87575,last phase event,subject-48.csv,kixs9,Mini-Norwegian
49,2,experiment,4059477,6546095,41.44363333333333,last phase event,subject-49.csv,sjnh6,Mini-English
5,2,experiment,3806163,7240938,57.24625,last phase event,subject-5.csv,pson3,Mini-English
51,2,experiment,2874869,5354129,41.321,last phase event,subject-51.csv,trpu0,Mini-English
52,2,experiment,2741158,5057574,38.60693333333333,last phase event,subject-52.csv,mvse0,Mini-Norwegian
53,2,experiment,2109458,4855951,45.774883333333335,last phase event,subject-53.csv,sxhv6,Mini-English
54,2,experiment,2809383,6075564,54.43635,last phase event,subject-54.csv,dzyb1,Mini-Norwegian
55,2,experiment,2236277,5646044,56.82945,last phase event,subject-55.csv,jlos1,Mini-English
56,2,experiment,3882511,7292119,56.8268,last phase event,subject-56.csv,awfh6,Mini-Norwegian
57,2,experiment,2672320,5552110,47.9965,last phase event,subject-57.csv,mtjw7,Mini-English
58,2,experiment,3025263,6101921,51.277633333333334,last phase event,subject-58.csv,rodf4,Mini-Norwegian
59,2,experiment,2434756,5044894,43.5023,last phase event,subject-59.csv,mhbu4,Mini-English
6,2,experiment,4009742,6934886,48.7524,last phase event,subject-6.csv,jpxp4,Mini-Norwegian
60,2,experiment,5113607,7475492,39.36475,last phase event,subject-60.csv,kwly7,Mini-Norwegian
61,2,experiment,3555091,7380009,63.74863333333333,last phase event,subject-61.csv,uwfo3,Mini-English
62,2,experiment,3761336,7015630,54.23823333333333,last phase event,subject-62.csv,ymoq6,Mini-Norwegian
63,2,experiment,3457413,7632490,69.58461666666666,last phase event,subject-63.csv,zygb0,Mini-English
64,2,experiment,2769580,5123656,39.2346,last phase event,subject-64.csv,zkmg5,Mini-Norwegian
65,2,experiment,4000673,6510279,41.826766666666664,last phase event,subject-65.csv,rsnb6,Mini-English
7,2,experiment,2922623,6617673,61.58416666666667,last phase event,subject-7.csv,qdvg4,Mini-English
8,2,experiment,4249074,7584308,55.58723333333333,last phase event,subject-8.csv,hcqa8,Mini-Norwegian
9,2,experiment,2301672,5557851,54.26965,last phase event,subject-9.csv,exdq7,Mini-English
10,3,pretraining,81309,251616,2.83845,next phase start,subject-10.csv,crar9,Mini-Norwegian
11,3,pretraining,25207,79513,0.9051,next phase start,subject-11.csv,uyxx3,Mini-English
12,3,pretraining,19930,148788,2.1476333333333333,next phase start,subject-12.csv,fqrf6,Mini-Norwegian
13,3,pretraining,26493,94199,1.1284333333333334,next phase start,subject-13.csv,ezje7,Mini-English
14,3,pretraining,16854,82581,1.09545,next phase start,subject-14.csv,finc3,Mini-Norwegian
15,3,pretraining,60094,125327,1.0872166666666667,next phase start,subject-15.csv,gxac7,Mini-English
16,3,pretraining,213711,1632060,23.63915,next phase start,subject-16.csv,rvax5,Mini-Norwegian
18,3,pretraining,17583,61032,0.72415,next phase start,subject-18.csv,ltsl3,Mini-Norwegian
19,3,pretraining,134502,227750,1.5541333333333334,next phase start,subject-19.csv,zuwa4,Mini-English
20,3,pretraining,63791,166753,1.7160333333333333,next phase start,subject-20.csv,wbij5,Mini-Norwegian
21,3,pretraining,35490,118284,1.3799,next phase start,subject-21.csv,ztwr3,Mini-English
22,3,pretraining,85734,164694,1.316,next phase start,subject-22.csv,wjob1,Mini-Norwegian
23,3,pretraining,25226,150603,2.0896166666666667,next phase start,subject-23.csv,dbrb5,Mini-English
24,3,pretraining,139376,271143,2.1961166666666667,next phase start,subject-24.csv,ahsw7,Mini-Norwegian
25,3,pretraining,23417,262180,3.9793833333333333,next phase start,subject-25.csv,noyy6,Mini-English
26,3,pretraining,26469,110982,1.40855,next phase start,subject-26.csv,zhao8,Mini-Norwegian
27,3,pretraining,38495,143078,1.74305,next phase start,subject-27.csv,qlhb2,Mini-English
28,3,pretraining,82411,227611,2.42,next phase start,subject-28.csv,rlgy8,Mini-Norwegian
29,3,pretraining,22107,105708,1.39335,next phase start,subject-29.csv,usjs8,Mini-English
3,3,pretraining,23722,93603,1.1646833333333333,next phase start,subject-3.csv,xqls8,Mini-English
30,3,pretraining,28321,161124,2.2133833333333333,next phase start,subject-30.csv,yozx4,Mini-Norwegian
31,3,pretraining,32851,110601,1.2958333333333334,next phase start,subject-31.csv,zllv8,Mini-English
32,3,pretraining,22123,89436,1.1218833333333333,next phase start,subject-32.csv,gjop6,Mini-Norwegian
33,3,pretraining,29285,101021,1.1956,next phase start,subject-33.csv,mrbf1,Mini-English
34,3,pretraining,18200,122424,1.7370666666666668,next phase start,subject-34.csv,cgju5,Mini-Norwegian
36,3,pretraining,301847,394240,1.5398833333333333,next phase start,subject-36.csv,zuff1,Mini-Norwegian
37,3,pretraining,21162,111641,1.5079833333333332,next phase start,subject-37.csv,hymj4,Mini-English
38,3,pretraining,18647,95328,1.2780166666666666,next phase start,subject-38.csv,idyh6,Mini-Norwegian
39,3,pretraining,26854,114286,1.4572,next phase start,subject-39.csv,fwma9,Mini-English
40,3,pretraining,17970,106147,1.4696166666666666,next phase start,subject-40.csv,bder6,Mini-Norwegian
41,3,pretraining,23225,118259,1.5839,next phase start,subject-41.csv,chkk1,Mini-English
42,3,pretraining,20102,91367,1.18775,next phase start,subject-42.csv,yzud1,Mini-Norwegian
43,3,pretraining,28392,159937,2.1924166666666665,next phase start,subject-43.csv,fkft1,Mini-English
44,3,pretraining,20582,128568,1.7997666666666667,next phase start,subject-44.csv,kvrn1,Mini-Norwegian
47,3,pretraining,36167,165398,2.15385,next phase start,subject-47.csv,swbd5,Mini-English
48,3,pretraining,55634,189227,2.22655,next phase start,subject-48.csv,kixs9,Mini-Norwegian
49,3,pretraining,21322,105570,1.4041333333333332,next phase start,subject-49.csv,sjnh6,Mini-English
5,3,pretraining,25311,116561,1.5208333333333333,next phase start,subject-5.csv,pson3,Mini-English
50,3,pretraining,25515,139331,1.8969333333333334,next phase start,subject-50.csv,pwck3,Mini-Norwegian
51,3,pretraining,30009,126939,1.6155,next phase start,subject-51.csv,trpu0,Mini-English
52,3,pretraining,24235,109101,1.4144333333333334,next phase start,subject-52.csv,mvse0,Mini-Norwegian
53,3,pretraining,18384,119873,1.6914833333333332,next phase start,subject-53.csv,sxhv6,Mini-English
54,3,pretraining,23973,90256,1.1047166666666666,next phase start,subject-54.csv,dzyb1,Mini-Norwegian
55,3,pretraining,25883,88803,1.0486666666666666,next phase start,subject-55.csv,jlos1,Mini-English
56,3,pretraining,18999,112378,1.5563166666666666,next phase start,subject-56.csv,awfh6,Mini-Norwegian
57,3,pretraining,22980,104389,1.3568166666666666,next phase start,subject-57.csv,mtjw7,Mini-English
58,3,pretraining,22924,189926,2.7833666666666668,next phase start,subject-58.csv,rodf4,Mini-Norwegian
59,3,pretraining,24468,82108,0.9606666666666667,next phase start,subject-59.csv,mhbu4,Mini-English
6,3,pretraining,101534,216455,1.91535,next phase start,subject-6.csv,jpxp4,Mini-Norwegian
60,3,pretraining,21566,202054,3.0081333333333333,next phase start,subject-60.csv,kwly7,Mini-Norwegian
61,3,pretraining,24516,331433,5.115283333333333,next phase start,subject-61.csv,uwfo3,Mini-English
62,3,pretraining,19251,122324,1.7178833333333334,next phase start,subject-62.csv,ymoq6,Mini-Norwegian
65,3,pretraining,23285,144614,2.02215,next phase start,subject-65.csv,rsnb6,Mini-English
7,3,pretraining,109883,237678,2.1299166666666665,next phase start,subject-7.csv,qdvg4,Mini-English
8,3,pretraining,170816,280561,1.8290833333333334,next phase start,subject-8.csv,hcqa8,Mini-Norwegian
9,3,pretraining,27205,142133,1.9154666666666667,next phase start,subject-9.csv,exdq7,Mini-English
10,3,training,251616,1570575,21.98265,next phase start,subject-10.csv,crar9,Mini-Norwegian
11,3,training,79513,1082294,16.713016666666668,next phase start,subject-11.csv,uyxx3,Mini-English
12,3,training,148788,1119091,16.171716666666665,next phase start,subject-12.csv,fqrf6,Mini-Norwegian
13,3,training,94199,1151406,17.620116666666668,next phase start,subject-13.csv,ezje7,Mini-English
14,3,training,82581,883607,13.350433333333333,next phase start,subject-14.csv,finc3,Mini-Norwegian
15,3,training,125327,933263,13.4656,next phase start,subject-15.csv,gxac7,Mini-English
16,3,training,1632060,3077521,24.09101666666667,next phase start,subject-16.csv,rvax5,Mini-Norwegian
18,3,training,61032,1216137,19.25175,next phase start,subject-18.csv,ltsl3,Mini-Norwegian
19,3,training,227750,1052271,13.742016666666666,next phase start,subject-19.csv,zuwa4,Mini-English
20,3,training,166753,1724778,25.967083333333335,next phase start,subject-20.csv,wbij5,Mini-Norwegian
21,3,training,118284,1273947,19.26105,next phase start,subject-21.csv,ztwr3,Mini-English
22,3,training,164694,1063333,14.977316666666667,next phase start,subject-22.csv,wjob1,Mini-Norwegian
23,3,training,150603,2202603,34.2,next phase start,subject-23.csv,dbrb5,Mini-English
24,3,training,271143,1464569,19.890433333333334,next phase start,subject-24.csv,ahsw7,Mini-Norwegian
25,3,training,262180,2424979,36.04665,next phase start,subject-25.csv,noyy6,Mini-English
26,3,training,110982,978886,14.465066666666667,next phase start,subject-26.csv,zhao8,Mini-Norwegian
27,3,training,143078,1646127,25.050816666666666,next phase start,subject-27.csv,qlhb2,Mini-English
28,3,training,227611,1368548,19.015616666666666,next phase start,subject-28.csv,rlgy8,Mini-Norwegian
29,3,training,105708,943844,13.968933333333334,next phase start,subject-29.csv,usjs8,Mini-English
3,3,training,93603,1053658,16.000916666666665,next phase start,subject-3.csv,xqls8,Mini-English
30,3,training,161124,1823987,27.714383333333334,next phase start,subject-30.csv,yozx4,Mini-Norwegian
31,3,training,110601,1075557,16.0826,next phase start,subject-31.csv,zllv8,Mini-English
32,3,training,89436,1028115,15.64465,next phase start,subject-32.csv,gjop6,Mini-Norwegian
33,3,training,101021,1091221,16.503333333333334,next phase start,subject-33.csv,mrbf1,Mini-English
34,3,training,122424,1036808,15.239733333333334,next phase start,subject-34.csv,cgju5,Mini-Norwegian
36,3,training,394240,1588910,19.911166666666666,next phase start,subject-36.csv,zuff1,Mini-Norwegian
37,3,training,111641,1377300,21.094316666666668,next phase start,subject-37.csv,hymj4,Mini-English
38,3,training,95328,899040,13.3952,next phase start,subject-38.csv,idyh6,Mini-Norwegian
39,3,training,114286,1269798,19.258533333333332,next phase start,subject-39.csv,fwma9,Mini-English
40,3,training,106147,934121,13.799566666666667,next phase start,subject-40.csv,bder6,Mini-Norwegian
41,3,training,118259,1299026,19.67945,next phase start,subject-41.csv,chkk1,Mini-English
42,3,training,91367,1109215,16.964133333333333,next phase start,subject-42.csv,yzud1,Mini-Norwegian
43,3,training,159937,1051579,14.8607,next phase start,subject-43.csv,fkft1,Mini-English
44,3,training,128568,1202775,17.90345,next phase start,subject-44.csv,kvrn1,Mini-Norwegian
47,3,training,165398,1481815,21.940283333333333,next phase start,subject-47.csv,swbd5,Mini-English
48,3,training,189227,1213138,17.065183333333334,next phase start,subject-48.csv,kixs9,Mini-Norwegian
49,3,training,105570,1261865,19.271583333333332,next phase start,subject-49.csv,sjnh6,Mini-English
5,3,training,116561,1652046,25.591416666666667,next phase start,subject-5.csv,pson3,Mini-English
50,3,training,139331,1430532,21.520016666666667,next phase start,subject-50.csv,pwck3,Mini-Norwegian
51,3,training,126939,1014305,14.789433333333333,next phase start,subject-51.csv,trpu0,Mini-English
52,3,training,109101,894251,13.085833333333333,next phase start,subject-52.csv,mvse0,Mini-Norwegian
53,3,training,119873,1366562,20.77815,next phase start,subject-53.csv,sxhv6,Mini-English
54,3,training,90256,1596878,25.110366666666668,next phase start,subject-54.csv,dzyb1,Mini-Norwegian
55,3,training,88803,1237323,19.142,next phase start,subject-55.csv,jlos1,Mini-English
56,3,training,112378,1654608,25.703833333333332,next phase start,subject-56.csv,awfh6,Mini-Norwegian
57,3,training,104389,961276,14.28145,next phase start,subject-57.csv,mtjw7,Mini-English
58,3,training,189926,1325933,18.93345,next phase start,subject-58.csv,rodf4,Mini-Norwegian
59,3,training,82108,1096540,16.9072,next phase start,subject-59.csv,mhbu4,Mini-English
6,3,training,216455,1342326,18.764516666666665,next phase start,subject-6.csv,jpxp4,Mini-Norwegian
60,3,training,202054,2383839,36.363083333333336,next phase start,subject-60.csv,kwly7,Mini-Norwegian
61,3,training,331433,2397654,34.437016666666665,next phase start,subject-61.csv,uwfo3,Mini-English
62,3,training,122324,1428157,21.763883333333332,next phase start,subject-62.csv,ymoq6,Mini-Norwegian
65,3,training,144614,1198741,17.568783333333332,next phase start,subject-65.csv,rsnb6,Mini-English
7,3,training,237678,1380810,19.0522,next phase start,subject-7.csv,qdvg4,Mini-English
8,3,training,280561,1567169,21.443466666666666,next phase start,subject-8.csv,hcqa8,Mini-Norwegian
9,3,training,142133,969254,13.78535,next phase start,subject-9.csv,exdq7,Mini-English
10,3,test,1570575,2017010,7.4405833333333335,next phase start,subject-10.csv,crar9,Mini-Norwegian
11,3,test,1082294,1441970,5.9946,next phase start,subject-11.csv,uyxx3,Mini-English
12,3,test,1119091,1593806,7.9119166666666665,next phase start,subject-12.csv,fqrf6,Mini-Norwegian
13,3,test,1151406,1571036,6.993833333333333,next phase start,subject-13.csv,ezje7,Mini-English
14,3,test,883607,1174938,4.8555166666666665,next phase start,subject-14.csv,finc3,Mini-Norwegian
15,3,test,933263,1272898,5.660583333333333,next phase start,subject-15.csv,gxac7,Mini-English
16,3,test,3077521,3514422,7.2816833333333335,next phase start,subject-16.csv,rvax5,Mini-Norwegian
18,3,test,1216137,1777862,9.362083333333333,next phase start,subject-18.csv,ltsl3,Mini-Norwegian
19,3,test,1052271,1384769,5.541633333333333,next phase start,subject-19.csv,zuwa4,Mini-English
20,3,test,1724778,2350894,10.435266666666667,next phase start,subject-20.csv,wbij5,Mini-Norwegian
21,3,test,1273947,2341796,17.797483333333332,next phase start,subject-21.csv,ztwr3,Mini-English
22,3,test,1063333,1323176,4.3307166666666665,next phase start,subject-22.csv,wjob1,Mini-Norwegian
23,3,test,2202603,2636078,7.224583333333333,next phase start,subject-23.csv,dbrb5,Mini-English
24,3,test,1464569,1903508,7.31565,next phase start,subject-24.csv,ahsw7,Mini-Norwegian
25,3,test,2424979,2869398,7.406983333333334,next phase start,subject-25.csv,noyy6,Mini-English
26,3,test,978886,1244875,4.43315,next phase start,subject-26.csv,zhao8,Mini-Norwegian
27,3,test,1646127,2097977,7.530833333333334,next phase start,subject-27.csv,qlhb2,Mini-English
28,3,test,1368548,1809344,7.3466,next phase start,subject-28.csv,rlgy8,Mini-Norwegian
29,3,test,943844,1244943,5.018316666666666,next phase start,subject-29.csv,usjs8,Mini-English
3,3,test,1053658,1356439,5.04635,next phase start,subject-3.csv,xqls8,Mini-English
30,3,test,1823987,2388040,9.400883333333333,next phase start,subject-30.csv,yozx4,Mini-Norwegian
31,3,test,1075557,1433151,5.9599,next phase start,subject-31.csv,zllv8,Mini-English
32,3,test,1028115,3460604,40.54148333333333,next phase start,subject-32.csv,gjop6,Mini-Norwegian
33,3,test,1091221,1555752,7.742183333333333,next phase start,subject-33.csv,mrbf1,Mini-English
34,3,test,1036808,1485107,7.47165,next phase start,subject-34.csv,cgju5,Mini-Norwegian
36,3,test,1588910,1953308,6.0733,next phase start,subject-36.csv,zuff1,Mini-Norwegian
37,3,test,1377300,1955174,9.631233333333334,next phase start,subject-37.csv,hymj4,Mini-English
38,3,test,899040,1255291,5.937516666666666,next phase start,subject-38.csv,idyh6,Mini-Norwegian
39,3,test,1269798,1654249,6.407516666666667,next phase start,subject-39.csv,fwma9,Mini-English
40,3,test,934121,1487399,9.2213,next phase start,subject-40.csv,bder6,Mini-Norwegian
41,3,test,1299026,1626710,5.4614,next phase start,subject-41.csv,chkk1,Mini-English
42,3,test,1109215,1514088,6.747883333333333,next phase start,subject-42.csv,yzud1,Mini-Norwegian
43,3,test,1051579,1325634,4.567583333333333,next phase start,subject-43.csv,fkft1,Mini-English
44,3,test,1202775,1630515,7.129,next phase start,subject-44.csv,kvrn1,Mini-Norwegian
47,3,test,1481815,1871091,6.487933333333333,next phase start,subject-47.csv,swbd5,Mini-English
48,3,test,1213138,1593607,6.34115,next phase start,subject-48.csv,kixs9,Mini-Norwegian
49,3,test,1261865,1548604,4.778983333333334,next phase start,subject-49.csv,sjnh6,Mini-English
5,3,test,1652046,2053860,6.6969,next phase start,subject-5.csv,pson3,Mini-English
50,3,test,1430532,1827151,6.610316666666667,next phase start,subject-50.csv,pwck3,Mini-Norwegian
51,3,test,1014305,2331160,21.947583333333334,next phase start,subject-51.csv,trpu0,Mini-English
52,3,test,894251,1183460,4.82015,next phase start,subject-52.csv,mvse0,Mini-Norwegian
53,3,test,1366562,1673811,5.120816666666666,next phase start,subject-53.csv,sxhv6,Mini-English
54,3,test,1596878,1987497,6.510316666666666,next phase start,subject-54.csv,dzyb1,Mini-Norwegian
55,3,test,1237323,3110353,31.217166666666667,next phase start,subject-55.csv,jlos1,Mini-English
56,3,test,1654608,2151395,8.279783333333333,next phase start,subject-56.csv,awfh6,Mini-Norwegian
57,3,test,961276,1463526,8.370833333333334,next phase start,subject-57.csv,mtjw7,Mini-English
58,3,test,1325933,1704752,6.31365,next phase start,subject-58.csv,rodf4,Mini-Norwegian
59,3,test,1096540,1611646,8.5851,next phase start,subject-59.csv,mhbu4,Mini-English
6,3,test,1342326,1901721,9.32325,next phase start,subject-6.csv,jpxp4,Mini-Norwegian
60,3,test,2383839,3021876,10.63395,next phase start,subject-60.csv,kwly7,Mini-Norwegian
61,3,test,2397654,2874798,7.9524,next phase start,subject-61.csv,uwfo3,Mini-English
62,3,test,1428157,1886378,7.637016666666667,next phase start,subject-62.csv,ymoq6,Mini-Norwegian
65,3,test,1198741,1658705,7.666066666666667,next phase start,subject-65.csv,rsnb6,Mini-English
7,3,test,1380810,1685512,5.078366666666667,next phase start,subject-7.csv,qdvg4,Mini-English
8,3,test,1567169,2198701,10.525533333333334,next phase start,subject-8.csv,hcqa8,Mini-Norwegian
9,3,test,969254,1230370,4.351933333333333,next phase start,subject-9.csv,exdq7,Mini-English
10,3,experiment,2017010,5027912,50.1817,last phase event,subject-10.csv,crar9,Mini-Norwegian
11,3,experiment,1441970,5371522,65.49253333333333,last phase event,subject-11.csv,uyxx3,Mini-English
12,3,experiment,1593806,4373529,46.328716666666665,last phase event,subject-12.csv,fqrf6,Mini-Norwegian
13,3,experiment,1571036,4703254,52.203633333333336,last phase event,subject-13.csv,ezje7,Mini-English
14,3,experiment,1174938,4031178,47.604,last phase event,subject-14.csv,finc3,Mini-Norwegian
15,3,experiment,1272898,4580050,55.1192,last phase event,subject-15.csv,gxac7,Mini-English
16,3,experiment,3514422,6484104,49.4947,last phase event,subject-16.csv,rvax5,Mini-Norwegian
17,3,experiment,185955,3210046,50.401516666666666,last phase event,subject-17.csv,ksjo8,Mini-English
18,3,experiment,1777862,4380499,43.37728333333333,last phase event,subject-18.csv,ltsl3,Mini-Norwegian
19,3,experiment,1384769,4497607,51.880633333333336,last phase event,subject-19.csv,zuwa4,Mini-English
20,3,experiment,2350894,5258483,48.45981666666667,last phase event,subject-20.csv,wbij5,Mini-Norwegian
21,3,experiment,2341796,5603653,54.36428333333333,last phase event,subject-21.csv,ztwr3,Mini-English
22,3,experiment,1323176,4525779,53.37671666666667,last phase event,subject-22.csv,wjob1,Mini-Norwegian
23,3,experiment,2636078,5333708,44.9605,last phase event,subject-23.csv,dbrb5,Mini-English
24,3,experiment,1903508,4702377,46.647816666666664,last phase event,subject-24.csv,ahsw7,Mini-Norwegian
25,3,experiment,2869398,6655314,63.0986,last phase event,subject-25.csv,noyy6,Mini-English
26,3,experiment,1244875,4261307,50.27386666666666,last phase event,subject-26.csv,zhao8,Mini-Norwegian
27,3,experiment,2097977,5880575,63.0433,last phase event,subject-27.csv,qlhb2,Mini-English
28,3,experiment,1809344,4811803,50.04098333333334,last phase event,subject-28.csv,rlgy8,Mini-Norwegian
29,3,experiment,1244943,3980242,45.588316666666664,last phase event,subject-29.csv,usjs8,Mini-English
3,3,experiment,1356439,4970469,60.23383333333334,last phase event,subject-3.csv,xqls8,Mini-English
30,3,experiment,2388040,6227506,63.9911,last phase event,subject-30.csv,yozx4,Mini-Norwegian
31,3,experiment,1433151,4295333,47.70303333333333,last phase event,subject-31.csv,zllv8,Mini-English
32,3,experiment,3460604,6409549,49.14908333333333,last phase event,subject-32.csv,gjop6,Mini-Norwegian
33,3,experiment,1555752,5315009,62.65428333333333,last phase event,subject-33.csv,mrbf1,Mini-English
34,3,experiment,1485107,4215996,45.51481666666667,last phase event,subject-34.csv,cgju5,Mini-Norwegian
36,3,experiment,1953308,5492695,58.989783333333335,last phase event,subject-36.csv,zuff1,Mini-Norwegian
37,3,experiment,1955174,5699803,62.41048333333333,last phase event,subject-37.csv,hymj4,Mini-English
38,3,experiment,1255291,3786716,42.190416666666664,last phase event,subject-38.csv,idyh6,Mini-Norwegian
39,3,experiment,1654249,4996148,55.69831666666666,last phase event,subject-39.csv,fwma9,Mini-English
40,3,experiment,1487399,4569979,51.376333333333335,last phase event,subject-40.csv,bder6,Mini-Norwegian
41,3,experiment,1626710,6960158,88.8908,last phase event,subject-41.csv,chkk1,Mini-English
42,3,experiment,1514088,5066458,59.20616666666667,last phase event,subject-42.csv,yzud1,Mini-Norwegian
43,3,experiment,1325634,4291800,49.4361,last phase event,subject-43.csv,fkft1,Mini-English
44,3,experiment,1630515,4311812,44.68828333333333,last phase event,subject-44.csv,kvrn1,Mini-Norwegian
47,3,experiment,1871091,6071614,70.00871666666667,last phase event,subject-47.csv,swbd5,Mini-English
48,3,experiment,1593607,5984857,73.1875,last phase event,subject-48.csv,kixs9,Mini-Norwegian
49,3,experiment,1548604,4839873,54.854483333333334,last phase event,subject-49.csv,sjnh6,Mini-English
5,3,experiment,2053860,6005822,65.86603333333333,last phase event,subject-5.csv,pson3,Mini-English
50,3,experiment,1827151,5086559,54.32346666666667,last phase event,subject-50.csv,pwck3,Mini-Norwegian
51,3,experiment,2331160,5228537,48.28961666666667,last phase event,subject-51.csv,trpu0,Mini-English
52,3,experiment,1183460,3968085,46.41041666666667,last phase event,subject-52.csv,mvse0,Mini-Norwegian
53,3,experiment,1673811,4826331,52.542,last phase event,subject-53.csv,sxhv6,Mini-English
54,3,experiment,1987497,5822985,63.9248,last phase event,subject-54.csv,dzyb1,Mini-Norwegian
55,3,experiment,3110353,6255690,52.42228333333333,last phase event,subject-55.csv,jlos1,Mini-English
56,3,experiment,2151395,5753478,60.03471666666667,last phase event,subject-56.csv,awfh6,Mini-Norwegian
57,3,experiment,1463526,4952138,58.14353333333333,last phase event,subject-57.csv,mtjw7,Mini-English
58,3,experiment,1704752,5409099,61.73911666666667,last phase event,subject-58.csv,rodf4,Mini-Norwegian
59,3,experiment,1611646,4704854,51.553466666666665,last phase event,subject-59.csv,mhbu4,Mini-English
6,3,experiment,1901721,5279092,56.289516666666664,last phase event,subject-6.csv,jpxp4,Mini-Norwegian
60,3,experiment,3021876,5815125,46.55415,last phase event,subject-60.csv,kwly7,Mini-Norwegian
61,3,experiment,2874798,7760067,81.42115,last phase event,subject-61.csv,uwfo3,Mini-English
62,3,experiment,1886378,5651673,62.75491666666667,last phase event,subject-62.csv,ymoq6,Mini-Norwegian
65,3,experiment,1658705,4413378,45.91121666666667,last phase event,subject-65.csv,rsnb6,Mini-English
7,3,experiment,1685512,5910711,70.41998333333333,last phase event,subject-7.csv,qdvg4,Mini-English
8,3,experiment,2198701,6000261,63.35933333333333,last phase event,subject-8.csv,hcqa8,Mini-Norwegian
9,3,experiment,1230370,4159189,48.81365,last phase event,subject-9.csv,exdq7,Mini-English
10,4,training,48341,897558,14.153616666666666,next phase start,subject-10.csv,crar9,Mini-Norwegian
11,4,training,24382,881542,14.286,next phase start,subject-11.csv,uyxx3,Mini-English
12,4,training,27470,838262,13.5132,next phase start,subject-12.csv,fqrf6,Mini-Norwegian
13,4,training,26049,890697,14.4108,next phase start,subject-13.csv,ezje7,Mini-English
14,4,training,22035,754932,12.21495,next phase start,subject-14.csv,finc3,Mini-Norwegian
15,4,training,24209,784338,12.668816666666666,next phase start,subject-15-test.csv,gxac7,Mini-English
16,4,training,34633,1282834,20.80335,next phase start,subject-16.csv,rvax5,Mini-Norwegian
17,4,training,47597,884862,13.954416666666667,next phase start,subject-17.csv,ksjo8,Mini-English
18,4,training,19633,970555,15.8487,next phase start,subject-18.csv,ltsl3,Mini-Norwegian
19,4,training,22499,1054836,17.205616666666668,next phase start,subject-19.csv,zuwa4,Mini-English
20,4,training,32561,1086329,17.5628,next phase start,subject-20-test.csv,wbij5,Mini-Norwegian
21,4,training,27851,1283901,20.934166666666666,next phase start,subject-21.csv,ztwr3,Mini-English
22,4,training,33358,782151,12.479883333333333,next phase start,subject-22.csv,wjob1,Mini-Norwegian
23,4,training,78866,2638756,42.664833333333334,next phase start,subject-23.csv,dbrb5,Mini-English
24,4,training,30889,1328610,21.628683333333335,next phase start,subject-24.csv,ahsw7,Mini-Norwegian
25,4,training,172304,1837697,27.75655,next phase start,subject-25.csv,noyy6,Mini-English
26,4,training,18003,835516,13.625216666666667,next phase start,subject-26.csv,zhao8,Mini-Norwegian
27,4,training,28572,1044085,16.925216666666667,next phase start,subject-27.csv,qlhb2,Mini-English
28,4,training,24270,982511,15.970683333333334,next phase start,subject-28.csv,rlgy8,Mini-Norwegian
29,4,training,23082,931901,15.146983333333333,next phase start,subject-29.csv,usjs8,Mini-English
30,4,training,50045,1431717,23.027866666666668,next phase start,subject-30.csv,yozx4,Mini-Norwegian
31,4,training,19229,790678,12.857483333333333,next phase start,subject-31.csv,zllv8,Mini-English
32,4,training,22829,919518,14.944816666666666,next phase start,subject-32.csv,gjop6,Mini-Norwegian
33,4,training,98198,1012990,15.246533333333334,next phase start,subject-33.csv,mrbf1,Mini-English
34,4,training,22427,883100,14.34455,next phase start,subject-34.csv,cgju5,Mini-Norwegian
36,4,training,18767,2434967,40.27,next phase start,subject-36.csv,zuff1,Mini-Norwegian
37,4,training,98320,1311632,20.221866666666667,next phase start,subject-37.csv,hymj4,Mini-English
38,4,training,21834,816842,13.250133333333334,next phase start,subject-38.csv,idyh6,Mini-Norwegian
39,4,training,21609,1015194,16.55975,next phase start,subject-39.csv,fwma9,Mini-English
40,4,training,20973,1035405,16.9072,next phase start,subject-40.csv,bder6,Mini-Norwegian
41,4,training,27484,1170637,19.05255,next phase start,subject-41.csv,chkk1,Mini-English
42,4,training,18081,1101843,18.0627,next phase start,subject-42.csv,yzud1,Mini-Norwegian
43,4,training,22149,793543,12.856566666666666,next phase start,subject-43.csv,fkft1,Mini-English
44,4,training,15733,1143766,18.80055,next phase start,subject-44.csv,kvrn1,Mini-Norwegian
47,4,training,31785,1723618,28.197216666666666,next phase start,subject-47.csv,swbd5,Mini-English
48,4,training,19596,933589,15.233216666666667,next phase start,subject-48.csv,kixs9,Mini-Norwegian
49,4,training,17365,1048862,17.19161666666667,next phase start,subject-49.csv,sjnh6,Mini-English
50,4,training,27428,1029060,16.69386666666667,next phase start,subject-50.csv,pwck3,Mini-Norwegian
51,4,training,17986,734619,11.943883333333334,next phase start,subject-51.csv,trpu0,Mini-English
52,4,training,25138,771260,12.435366666666667,next phase start,subject-52.csv,mvse0,Mini-Norwegian
53,4,training,15869,1113701,18.2972,next phase start,subject-53.csv,sxhv6,Mini-English
54,4,training,19638,1060894,17.354266666666668,next phase start,subject-54.csv,dzyb1,Mini-Norwegian
55,4,training,18456,897343,14.648116666666667,next phase start,subject-55.csv,jlos1,Mini-English
56,4,training,16396,1648348,27.1992,next phase start,subject-56.csv,awfh6,Mini-Norwegian
57,4,training,30024,1291810,21.029766666666667,next phase start,subject-57.csv,mtjw7,Mini-English
58,4,training,17274,883273,14.433316666666666,next phase start,subject-58.csv,rodf4,Mini-Norwegian
6,4,training,31274,1037626,16.77253333333333,next phase start,subject-6-test.csv,jpxp4,Mini-Norwegian
60,4,training,20818,1349066,22.13746666666667,next phase start,subject-60.csv,kwly7,Mini-Norwegian
61,4,training,17846,2310239,38.20655,next phase start,subject-61.csv,uwfo3,Mini-English
62,4,training,19671,1168064,19.139883333333334,next phase start,subject-62.csv,ymoq6,Mini-Norwegian
65,4,training,18562,685787,11.120416666666667,next phase start,subject-65.csv,rsnb6,Mini-English
7,4,training,78754,1165217,18.107716666666665,next phase start,subject-7.csv,qdvg4,Mini-English
8,4,training,56759,1256288,19.99215,next phase start,subject-8.csv,hcqa8,Mini-Norwegian
9,4,training,55007,1004208,15.820016666666668,next phase start,subject-9.csv,exdq7,Mini-English
10,4,test,897558,1361777,7.736983333333334,next phase start,subject-10.csv,crar9,Mini-Norwegian
11,4,test,881542,2558204,27.944366666666667,next phase start,subject-11.csv,uyxx3,Mini-English
12,4,test,838262,1859405,17.01905,next phase start,subject-12.csv,fqrf6,Mini-Norwegian
13,4,test,890697,1462909,9.536866666666667,next phase start,subject-13.csv,ezje7,Mini-English
14,4,test,754932,1242898,8.132766666666667,next phase start,subject-14.csv,finc3,Mini-Norwegian
15,4,test,784338,2100142,21.930066666666665,last phase event,subject-15-test.csv,gxac7,Mini-English
16,4,test,1282834,1800476,8.627366666666667,next phase start,subject-16.csv,rvax5,Mini-Norwegian
17,4,test,884862,2227787,22.382083333333334,next phase start,subject-17.csv,ksjo8,Mini-English
18,4,test,970555,2516425,25.7645,next phase start,subject-18.csv,ltsl3,Mini-Norwegian
19,4,test,1054836,2377241,22.04008333333333,next phase start,subject-19.csv,zuwa4,Mini-English
20,4,test,1086329,2610245,25.3986,last phase event,subject-20-test.csv,wbij5,Mini-Norwegian
21,4,test,1283901,3579157,38.254266666666666,next phase start,subject-21.csv,ztwr3,Mini-English
22,4,test,782151,1081985,4.997233333333333,next phase start,subject-22.csv,wjob1,Mini-Norwegian
23,4,test,2638756,4746693,35.13228333333333,next phase start,subject-23.csv,dbrb5,Mini-English
24,4,test,1328610,3269343,32.34555,next phase start,subject-24.csv,ahsw7,Mini-Norwegian
25,4,test,1837697,2403355,9.427633333333333,next phase start,subject-25.csv,noyy6,Mini-English
26,4,test,835516,2041288,20.0962,next phase start,subject-26.csv,zhao8,Mini-Norwegian
27,4,test,1044085,1496465,7.539666666666666,next phase start,subject-27.csv,qlhb2,Mini-English
28,4,test,982511,2594531,26.867,next phase start,subject-28.csv,rlgy8,Mini-Norwegian
29,4,test,931901,1306910,6.25015,next phase start,subject-29.csv,usjs8,Mini-English
30,4,test,1431717,2960388,25.47785,next phase start,subject-30.csv,yozx4,Mini-Norwegian
31,4,test,790678,2236460,24.09636666666667,next phase start,subject-31.csv,zllv8,Mini-English
32,4,test,919518,1367128,7.460166666666667,next phase start,subject-32.csv,gjop6,Mini-Norwegian
33,4,test,1012990,1541231,8.804016666666667,next phase start,subject-33.csv,mrbf1,Mini-English
34,4,test,883100,1350878,7.7963,next phase start,subject-34.csv,cgju5,Mini-Norwegian
36,4,test,2434967,4399899,32.748866666666665,next phase start,subject-36.csv,zuff1,Mini-Norwegian
37,4,test,1311632,2037524,12.0982,next phase start,subject-37.csv,hymj4,Mini-English
38,4,test,816842,2127845,21.85005,next phase start,subject-38.csv,idyh6,Mini-Norwegian
39,4,test,1015194,1392284,6.284833333333333,next phase start,subject-39.csv,fwma9,Mini-English
40,4,test,1035405,2465752,23.839116666666666,next phase start,subject-40.csv,bder6,Mini-Norwegian
41,4,test,1170637,2684681,25.234066666666667,next phase start,subject-41.csv,chkk1,Mini-English
42,4,test,1101843,1733549,10.528433333333334,next phase start,subject-42.csv,yzud1,Mini-Norwegian
43,4,test,793543,2029236,20.594883333333332,next phase start,subject-43.csv,fkft1,Mini-English
44,4,test,1143766,2406971,21.053416666666667,next phase start,subject-44.csv,kvrn1,Mini-Norwegian
47,4,test,1723618,3895762,36.2024,next phase start,subject-47.csv,swbd5,Mini-English
48,4,test,933589,1339448,6.764316666666667,next phase start,subject-48.csv,kixs9,Mini-Norwegian
49,4,test,1048862,2556009,25.119116666666667,next phase start,subject-49.csv,sjnh6,Mini-English
50,4,test,1029060,1458696,7.1606,next phase start,subject-50.csv,pwck3,Mini-Norwegian
51,4,test,734619,1938247,20.060466666666667,next phase start,subject-51.csv,trpu0,Mini-English
52,4,test,771260,2088278,21.9503,next phase start,subject-52.csv,mvse0,Mini-Norwegian
53,4,test,1113701,1568393,7.5782,next phase start,subject-53.csv,sxhv6,Mini-English
54,4,test,1060894,2758323,28.290483333333334,next phase start,subject-54.csv,dzyb1,Mini-Norwegian
55,4,test,897343,2261956,22.74355,next phase start,subject-55.csv,jlos1,Mini-English
56,4,test,1648348,2185927,8.95965,next phase start,subject-56.csv,awfh6,Mini-Norwegian
57,4,test,1291810,1767867,7.934283333333333,next phase start,subject-57.csv,mtjw7,Mini-English
58,4,test,883273,2447615,26.072366666666667,next phase start,subject-58.csv,rodf4,Mini-Norwegian
6,4,test,1037626,2736630,28.31673333333333,last phase event,subject-6-test.csv,jpxp4,Mini-Norwegian
60,4,test,1349066,2004381,10.921916666666666,next phase start,subject-60.csv,kwly7,Mini-Norwegian
61,4,test,2310239,2806321,8.268033333333333,next phase start,subject-61.csv,uwfo3,Mini-English
62,4,test,1168064,2907131,28.98445,next phase start,subject-62.csv,ymoq6,Mini-Norwegian
65,4,test,685787,1144726,7.648983333333334,next phase start,subject-65.csv,rsnb6,Mini-English
7,4,test,1165217,1493511,5.471566666666667,next phase start,subject-7.csv,qdvg4,Mini-English
8,4,test,1256288,2243872,16.459733333333332,next phase start,subject-8.csv,hcqa8,Mini-Norwegian
9,4,test,1004208,1380687,6.27465,next phase start,subject-9.csv,exdq7,Mini-English
10,4,experiment,1361777,5495714,68.89895,last phase event,subject-10.csv,crar9,Mini-Norwegian
11,4,experiment,2558204,8977317,106.98521666666667,last phase event,subject-11.csv,uyxx3,Mini-English
12,4,experiment,1859405,6554980,78.25958333333334,last phase event,subject-12.csv,fqrf6,Mini-Norwegian
13,4,experiment,1462909,5689724,70.44691666666667,last phase event,subject-13.csv,ezje7,Mini-English
14,4,experiment,1242898,5081548,63.9775,last phase event,subject-14.csv,finc3,Mini-Norwegian
15,4,experiment,13917,5256055,87.36896666666667,last phase event,subject-15.csv,gxac7,Mini-English
16,4,experiment,1800476,5866581,67.76841666666667,last phase event,subject-16.csv,rvax5,Mini-Norwegian
17,4,experiment,2227787,6754727,75.449,last phase event,subject-17.csv,ksjo8,Mini-English
18,4,experiment,2516425,6340654,63.73715,last phase event,subject-18.csv,ltsl3,Mini-Norwegian
19,4,experiment,2377241,7190948,80.22845,last phase event,subject-19.csv,zuwa4,Mini-English
20,4,experiment,35518,4550824,75.2551,last phase event,subject-20-experiment.csv,wbij5,Mini-Norwegian
21,4,experiment,3579157,9142930,92.72955,last phase event,subject-21.csv,ztwr3,Mini-English
22,4,experiment,1081985,5263291,69.68843333333334,last phase event,subject-22.csv,wjob1,Mini-Norwegian
23,4,experiment,4746693,9429499,78.04676666666667,last phase event,subject-23.csv,dbrb5,Mini-English
24,4,experiment,3269343,7383966,68.57705,last phase event,subject-24.csv,ahsw7,Mini-Norwegian
25,4,experiment,2403355,8339874,98.94198333333334,last phase event,subject-25.csv,noyy6,Mini-English
26,4,experiment,2041288,6871778,80.50816666666667,last phase event,subject-26.csv,zhao8,Mini-Norwegian
27,4,experiment,1496465,6498936,83.37451666666666,last phase event,subject-27.csv,qlhb2,Mini-English
28,4,experiment,2594531,6752660,69.30215,last phase event,subject-28.csv,rlgy8,Mini-Norwegian
29,4,experiment,1306910,5294787,66.46461666666667,last phase event,subject-29.csv,usjs8,Mini-English
30,4,experiment,2960388,7323043,72.71091666666666,last phase event,subject-30.csv,yozx4,Mini-Norwegian
31,4,experiment,2236460,6946122,78.49436666666666,last phase event,subject-31.csv,zllv8,Mini-English
32,4,experiment,1367128,6083447,78.60531666666667,last phase event,subject-32.csv,gjop6,Mini-Norwegian
33,4,experiment,1541231,7563321,100.36816666666667,last phase event,subject-33.csv,mrbf1,Mini-English
34,4,experiment,1350878,5611479,71.01001666666667,last phase event,subject-34.csv,cgju5,Mini-Norwegian
36,4,experiment,4399899,8988118,76.47031666666666,last phase event,subject-36.csv,zuff1,Mini-Norwegian
37,4,experiment,2037524,7361364,88.73066666666666,last phase event,subject-37.csv,hymj4,Mini-English
38,4,experiment,2127845,5998512,64.51111666666667,last phase event,subject-38.csv,idyh6,Mini-Norwegian
39,4,experiment,1392284,6408647,83.60605,last phase event,subject-39.csv,fwma9,Mini-English
40,4,experiment,2465752,6746710,71.3493,last phase event,subject-40.csv,bder6,Mini-Norwegian
41,4,experiment,2684681,10802991,135.30516666666668,last phase event,subject-41.csv,chkk1,Mini-English
42,4,experiment,1733549,6149925,73.60626666666667,last phase event,subject-42.csv,yzud1,Mini-Norwegian
43,4,experiment,2029236,6482033,74.21328333333334,last phase event,subject-43.csv,fkft1,Mini-English
44,4,experiment,2406971,6630164,70.38655,last phase event,subject-44.csv,kvrn1,Mini-Norwegian
47,4,experiment,3895762,9491509,93.26245,last phase event,subject-47.csv,swbd5,Mini-English
48,4,experiment,1339448,5995892,77.6074,last phase event,subject-48.csv,kixs9,Mini-Norwegian
49,4,experiment,2556009,7374370,80.30601666666666,last phase event,subject-49.csv,sjnh6,Mini-English
50,4,experiment,1458696,7082952,93.7376,last phase event,subject-50.csv,pwck3,Mini-Norwegian
51,4,experiment,1938247,6546031,76.7964,last phase event,subject-51.csv,trpu0,Mini-English
52,4,experiment,2088278,6797276,78.4833,last phase event,subject-52.csv,mvse0,Mini-Norwegian
53,4,experiment,1568393,6040979,74.5431,last phase event,subject-53.csv,sxhv6,Mini-English
54,4,experiment,2758323,7784563,83.77066666666667,last phase event,subject-54.csv,dzyb1,Mini-Norwegian
55,4,experiment,2261956,7366708,85.0792,last phase event,subject-55.csv,jlos1,Mini-English
56,4,experiment,2185927,7670005,91.4013,last phase event,subject-56.csv,awfh6,Mini-Norwegian
57,4,experiment,1767867,7124397,89.2755,last phase event,subject-57.csv,mtjw7,Mini-English
58,4,experiment,2447615,7373006,82.08985,last phase event,subject-58.csv,rodf4,Mini-Norwegian
6,4,experiment,17630,5134169,85.27565,last phase event,subject-6-experiment.csv,jpxp4,Mini-Norwegian
60,4,experiment,2004381,6233872,70.49151666666667,last phase event,subject-60.csv,kwly7,Mini-Norwegian
61,4,experiment,2806321,9972821,119.44166666666666,last phase event,subject-61.csv,uwfo3,Mini-English
62,4,experiment,2907131,8842556,98.92375,last phase event,subject-62.csv,ymoq6,Mini-Norwegian
65,4,experiment,1144726,5348030,70.05506666666666,last phase event,subject-65.csv,rsnb6,Mini-English
7,4,experiment,1493511,7278316,96.41341666666666,last phase event,subject-7.csv,qdvg4,Mini-English
8,4,experiment,2243872,6846685,76.71355,last phase event,subject-8.csv,hcqa8,Mini-Norwegian
9,4,experiment,1380687,6828659,90.79953333333333,last phase event,subject-9.csv,exdq7,Mini-English
10,6,experiment,41818,4723544,78.02876666666667,last phase event,subject-10.csv,crar9,Mini-Norwegian
11,6,experiment,20454,5050960,83.84176666666667,last phase event,subject-11.csv,uyxx3,Mini-English
12,6,experiment,15123,3929898,65.24625,last phase event,subject-12.csv,fqrf6,Mini-Norwegian
13,6,experiment,21365,4321498,71.66888333333333,last phase event,subject-13.csv,ezje7,Mini-English
14,6,experiment,19663,3600187,59.6754,last phase event,subject-14.csv,finc3,Mini-Norwegian
15,6,experiment,30852,4873938,80.7181,last phase event,subject-15.csv,gxac7,Mini-English
16,6,experiment,150577,4371158,70.34301666666667,last phase event,subject-16.csv,rvax5,Mini-Norwegian
17,6,experiment,23356,5696236,94.548,last phase event,subject-17.csv,ksjo8,Mini-English
18,6,experiment,15943,3989542,66.22665,last phase event,subject-18.csv,ltsl3,Mini-Norwegian
19,6,experiment,29474,4595837,76.10605,last phase event,subject-19.csv,zuwa4,Mini-English
20,6,experiment,24743,5157178,85.54058333333333,last phase event,subject-20.csv,wbij5,Mini-Norwegian
21,6,experiment,20716,4379401,72.64475,last phase event,subject-21.csv,ztwr3,Mini-English
22,6,experiment,24891,5491453,91.10936666666667,last phase event,subject-22.csv,wjob1,Mini-Norwegian
23,6,experiment,20518,4386182,72.76106666666666,last phase event,subject-23.csv,dbrb5,Mini-English
24,6,experiment,19678,4108195,68.14195,last phase event,subject-24.csv,ahsw7,Mini-Norwegian
25,6,experiment,17776,5329051,88.52125,last phase event,subject-25.csv,noyy6,Mini-English
26,6,experiment,17086,4415558,73.30786666666667,last phase event,subject-26.csv,zhao8,Mini-Norwegian
27,6,experiment,21193,5480768,90.99291666666667,last phase event,subject-27.csv,qlhb2,Mini-English
29,6,experiment,18165,4423317,73.4192,last phase event,subject-29.csv,usjs8,Mini-English
3,6,experiment,19977,4471321,74.18906666666666,last phase event,subject-3.csv,xqls8,Mini-English
30,6,experiment,19715,5485399,91.09473333333334,last phase event,subject-30.csv,yozx4,Mini-Norwegian
32,6,experiment,37948,4307013,71.15108333333333,last phase event,subject-32.csv,gjop6,Mini-Norwegian
33,6,experiment,20933,5278079,87.6191,last phase event,subject-33.csv,mrbf1,Mini-English
34,6,experiment,30579,4489217,74.31063333333333,last phase event,subject-34.csv,cgju5,Mini-Norwegian
36,6,experiment,22903,4313465,71.50936666666666,last phase event,subject-36.csv,zuff1,Mini-Norwegian
37,6,experiment,28019,5753341,95.42203333333333,last phase event,subject-37.csv,hymj4,Mini-English
38,6,experiment,15273,3960368,65.75158333333333,last phase event,subject-38.csv,idyh6,Mini-Norwegian
40,6,experiment,14726,4029328,66.91003333333333,last phase event,subject-40.csv,bder6,Mini-Norwegian
42,6,experiment,22460,4888226,81.0961,last phase event,subject-42.csv,yzud1,Mini-Norwegian
43,6,experiment,30119,4394328,72.73681666666667,last phase event,subject-43.csv,fkft1,Mini-English
5,6,experiment,27371,4398603,72.85386666666666,last phase event,subject-5.csv,pson3,Mini-English
6,6,experiment,23908,4133455,68.49245,last phase event,subject-6.csv,jpxp4,Mini-Norwegian
7,6,experiment,21059,4985906,82.74745,last phase event,subject-7.csv,qdvg4,Mini-English
8,6,experiment,57902,4405637,72.46225,last phase event,subject-8.csv,hcqa8,Mini-Norwegian
9,6,experiment,16795,4637307,77.00853333333333,last phase event,subject-9.csv,exdq7,Mini-English
