"property","generalization","train_set","test_set","time_ms","auc"
"gender_agreement","cross_language","Mini-Norwegian","Mini-English",-98,0.502429933356381
"gender_agreement","cross_language","Mini-Norwegian","Mini-English",-94,0.50077071532978
"gender_agreement","cross_language","Mini-Norwegian","Mini-English",-90,0.502272367720873
"gender_agreement","cross_language","Mini-Norwegian","Mini-English",-86,0.501740230976111
"gender_agreement","cross_language","Mini-Norwegian","Mini-English",-82,0.504820998702154
"gender_agreement","cross_language","Mini-Norwegian","Mini-English",-78,0.509504184364355
"gender_agreement","cross_language","Mini-Norwegian","Mini-English",-74,0.508227547716172
"gender_agreement","cross_language","Mini-Norwegian","Mini-English",-70,0.496666999821043
"gender_agreement","cross_language","Mini-Norwegian","Mini-English",-66,0.502094412309308
"gender_agreement","cross_language","Mini-Norwegian","Mini-English",-62,0.500488535393283
"gender_agreement","cross_language","Mini-Norwegian","Mini-English",-58,0.498372914075845
"gender_agreement","cross_language","Mini-Norwegian","Mini-English",-54,0.502590593868612
"gender_agreement","cross_language","Mini-Norwegian","Mini-English",-50,0.507327484744533
"gender_agreement","cross_language","Mini-Norwegian","Mini-English",-46,0.507084901024932
"gender_agreement","cross_language","Mini-Norwegian","Mini-English",-42,0.501612248721042
"gender_agreement","cross_language","Mini-Norwegian","Mini-English",-38,0.500910895040169
"gender_agreement","cross_language","Mini-Norwegian","Mini-English",-34,0.500618065086714
"gender_agreement","cross_language","Mini-Norwegian","Mini-English",-30,0.499887765205903
"gender_agreement","cross_language","Mini-Norwegian","Mini-English",-26,0.498252760038369
"gender_agreement","cross_language","Mini-Norwegian","Mini-English",-22,0.496644971580839
"gender_agreement","cross_language","Mini-Norwegian","Mini-English",-18,0.488477318831833
"gender_agreement","cross_language","Mini-Norwegian","Mini-English",-14,0.483351747849834
"gender_agreement","cross_language","Mini-Norwegian","Mini-English",-10,0.48737199271284
"gender_agreement","cross_language","Mini-Norwegian","Mini-English",-6,0.491820513898818
"gender_agreement","cross_language","Mini-Norwegian","Mini-English",-2,0.499022929213433
"gender_agreement","cross_language","Mini-Norwegian","Mini-English",2,0.504075770592445
"gender_agreement","cross_language","Mini-Norwegian","Mini-English",6,0.500711093439972
"gender_agreement","cross_language","Mini-Norwegian","Mini-English",10,0.48997323659841
"gender_agreement","cross_language","Mini-Norwegian","Mini-English",14,0.490801662276493
"gender_agreement","cross_language","Mini-Norwegian","Mini-English",18,0.496392466050568
"gender_agreement","cross_language","Mini-Norwegian","Mini-English",22,0.488106024650875
"gender_agreement","cross_language","Mini-Norwegian","Mini-English",26,0.481845271092086
"gender_agreement","cross_language","Mini-Norwegian","Mini-English",30,0.480253594198672
"gender_agreement","cross_language","Mini-Norwegian","Mini-English",34,0.488491700906016
"gender_agreement","cross_language","Mini-Norwegian","Mini-English",38,0.494897822644995
"gender_agreement","cross_language","Mini-Norwegian","Mini-English",42,0.501042063197747
"gender_agreement","cross_language","Mini-Norwegian","Mini-English",46,0.501041790120389
"gender_agreement","cross_language","Mini-Norwegian","Mini-English",50,0.496347590338086
"gender_agreement","cross_language","Mini-Norwegian","Mini-English",54,0.502352925541453
"gender_agreement","cross_language","Mini-Norwegian","Mini-English",58,0.511220384532971
"gender_agreement","cross_language","Mini-Norwegian","Mini-English",62,0.516203136056788
"gender_agreement","cross_language","Mini-Norwegian","Mini-English",66,0.518487428155623
"gender_agreement","cross_language","Mini-Norwegian","Mini-English",70,0.505515343397508
"gender_agreement","cross_language","Mini-Norwegian","Mini-English",74,0.505036820840681
"gender_agreement","cross_language","Mini-Norwegian","Mini-English",78,0.497140606985428
"gender_agreement","cross_language","Mini-Norwegian","Mini-English",82,0.490398235993089
"gender_agreement","cross_language","Mini-Norwegian","Mini-English",86,0.495597901964864
"gender_agreement","cross_language","Mini-Norwegian","Mini-English",90,0.500512930303922
"gender_agreement","cross_language","Mini-Norwegian","Mini-English",94,0.494171072769836
"gender_agreement","cross_language","Mini-Norwegian","Mini-English",98,0.489851899225716
"gender_agreement","cross_language","Mini-Norwegian","Mini-English",102,0.487451640275561
"gender_agreement","cross_language","Mini-Norwegian","Mini-English",106,0.484250900563613
"gender_agreement","cross_language","Mini-Norwegian","Mini-English",110,0.479014642225879
"gender_agreement","cross_language","Mini-Norwegian","Mini-English",114,0.491962787202284
"gender_agreement","cross_language","Mini-Norwegian","Mini-English",118,0.505460636900142
"gender_agreement","cross_language","Mini-Norwegian","Mini-English",122,0.500678324157024
"gender_agreement","cross_language","Mini-Norwegian","Mini-English",126,0.500287459432083
"gender_agreement","cross_language","Mini-Norwegian","Mini-English",130,0.496658989551878
"gender_agreement","cross_language","Mini-Norwegian","Mini-English",134,0.495865517775607
"gender_agreement","cross_language","Mini-Norwegian","Mini-English",138,0.496563776579757
"gender_agreement","cross_language","Mini-Norwegian","Mini-English",142,0.498088458494699
"gender_agreement","cross_language","Mini-Norwegian","Mini-English",146,0.49536260030814
"gender_agreement","cross_language","Mini-Norwegian","Mini-English",150,0.492433117438374
"gender_agreement","cross_language","Mini-Norwegian","Mini-English",154,0.495312900229003
"gender_agreement","cross_language","Mini-Norwegian","Mini-English",158,0.493601888530187
"gender_agreement","cross_language","Mini-Norwegian","Mini-English",162,0.493440954940597
"gender_agreement","cross_language","Mini-Norwegian","Mini-English",166,0.492694361444099
"gender_agreement","cross_language","Mini-Norwegian","Mini-English",170,0.497216431465138
"gender_agreement","cross_language","Mini-Norwegian","Mini-English",174,0.49718502756898
"gender_agreement","cross_language","Mini-Norwegian","Mini-English",178,0.507477313188235
"gender_agreement","cross_language","Mini-Norwegian","Mini-English",182,0.504146042499211
"gender_agreement","cross_language","Mini-Norwegian","Mini-English",186,0.50039969422618
"gender_agreement","cross_language","Mini-Norwegian","Mini-English",190,0.497477038290361
"gender_agreement","cross_language","Mini-Norwegian","Mini-English",194,0.505270484033258
"gender_agreement","cross_language","Mini-Norwegian","Mini-English",198,0.503465260645966
"gender_agreement","cross_language","Mini-Norwegian","Mini-English",202,0.500030129535155
"gender_agreement","cross_language","Mini-Norwegian","Mini-English",206,0.496318280035005
"gender_agreement","cross_language","Mini-Norwegian","Mini-English",210,0.500113782232458
"gender_agreement","cross_language","Mini-Norwegian","Mini-English",214,0.504553109814054
"gender_agreement","cross_language","Mini-Norwegian","Mini-English",218,0.508150266823886
"gender_agreement","cross_language","Mini-Norwegian","Mini-English",222,0.511746149472715
"gender_agreement","cross_language","Mini-Norwegian","Mini-English",226,0.509090199089779
"gender_agreement","cross_language","Mini-Norwegian","Mini-English",230,0.504322541498201
"gender_agreement","cross_language","Mini-Norwegian","Mini-English",234,0.498136884212834
"gender_agreement","cross_language","Mini-Norwegian","Mini-English",238,0.492022227040521
"gender_agreement","cross_language","Mini-Norwegian","Mini-English",242,0.499525755655113
"gender_agreement","cross_language","Mini-Norwegian","Mini-English",246,0.503258541086036
"gender_agreement","cross_language","Mini-Norwegian","Mini-English",250,0.498901864918098
"gender_agreement","cross_language","Mini-Norwegian","Mini-English",254,0.492826894988466
"gender_agreement","cross_language","Mini-Norwegian","Mini-English",258,0.493492384509669
"gender_agreement","cross_language","Mini-Norwegian","Mini-English",262,0.500118242495971
"gender_agreement","cross_language","Mini-Norwegian","Mini-English",266,0.503792771423874
"gender_agreement","cross_language","Mini-Norwegian","Mini-English",270,0.502568383576836
"gender_agreement","cross_language","Mini-Norwegian","Mini-English",274,0.50141572404914
"gender_agreement","cross_language","Mini-Norwegian","Mini-English",278,0.498329039647009
"gender_agreement","cross_language","Mini-Norwegian","Mini-English",282,0.50200702755478
"gender_agreement","cross_language","Mini-Norwegian","Mini-English",286,0.50316478452649
"gender_agreement","cross_language","Mini-Norwegian","Mini-English",290,0.504444971180326
"gender_agreement","cross_language","Mini-Norwegian","Mini-English",294,0.501930565894568
"gender_agreement","cross_language","Mini-Norwegian","Mini-English",298,0.498491793752318
"gender_agreement","cross_language","Mini-Norwegian","Mini-English",302,0.502397073047647
"gender_agreement","cross_language","Mini-Norwegian","Mini-English",306,0.501966339028453
"gender_agreement","cross_language","Mini-Norwegian","Mini-English",310,0.503148855013946
"gender_agreement","cross_language","Mini-Norwegian","Mini-English",314,0.503670068664391
"gender_agreement","cross_language","Mini-Norwegian","Mini-English",318,0.504458625048221
"gender_agreement","cross_language","Mini-Norwegian","Mini-English",322,0.502901811030832
"gender_agreement","cross_language","Mini-Norwegian","Mini-English",326,0.504128838625664
"gender_agreement","cross_language","Mini-Norwegian","Mini-English",330,0.506874540433563
"gender_agreement","cross_language","Mini-Norwegian","Mini-English",334,0.505356776478354
"gender_agreement","cross_language","Mini-Norwegian","Mini-English",338,0.506448357703667
"gender_agreement","cross_language","Mini-Norwegian","Mini-English",342,0.509156374836176
"gender_agreement","cross_language","Mini-Norwegian","Mini-English",346,0.506052031431568
"gender_agreement","cross_language","Mini-Norwegian","Mini-English",350,0.503397355409635
"gender_agreement","cross_language","Mini-Norwegian","Mini-English",354,0.500223559330334
"gender_agreement","cross_language","Mini-Norwegian","Mini-English",358,0.500882768072305
"gender_agreement","cross_language","Mini-Norwegian","Mini-English",362,0.503752902129621
"gender_agreement","cross_language","Mini-Norwegian","Mini-English",366,0.510001640284663
"gender_agreement","cross_language","Mini-Norwegian","Mini-English",370,0.511316143659808
"gender_agreement","cross_language","Mini-Norwegian","Mini-English",374,0.511745330240641
"gender_agreement","cross_language","Mini-Norwegian","Mini-English",378,0.524869610112892
"gender_agreement","cross_language","Mini-Norwegian","Mini-English",382,0.529682507520095
"gender_agreement","cross_language","Mini-Norwegian","Mini-English",386,0.528172844859838
"gender_agreement","cross_language","Mini-Norwegian","Mini-English",390,0.525894378411305
"gender_agreement","cross_language","Mini-Norwegian","Mini-English",394,0.525961646467135
"gender_agreement","cross_language","Mini-Norwegian","Mini-English",398,0.521348823737486
"gender_agreement","cross_language","Mini-Norwegian","Mini-English",402,0.518136796828079
"gender_agreement","cross_language","Mini-Norwegian","Mini-English",406,0.514649781019267
"gender_agreement","cross_language","Mini-Norwegian","Mini-English",410,0.510996370073707
"gender_agreement","cross_language","Mini-Norwegian","Mini-English",414,0.511721845587862
"gender_agreement","cross_language","Mini-Norwegian","Mini-English",418,0.507135238284572
"gender_agreement","cross_language","Mini-Norwegian","Mini-English",422,0.507054316360847
"gender_agreement","cross_language","Mini-Norwegian","Mini-English",426,0.507151713951832
"gender_agreement","cross_language","Mini-Norwegian","Mini-English",430,0.502851564796979
"gender_agreement","cross_language","Mini-Norwegian","Mini-English",434,0.507690859682112
"gender_agreement","cross_language","Mini-Norwegian","Mini-English",438,0.513957256839632
"gender_agreement","cross_language","Mini-Norwegian","Mini-English",442,0.520030679330902
"gender_agreement","cross_language","Mini-Norwegian","Mini-English",446,0.521259163338309
"gender_agreement","cross_language","Mini-Norwegian","Mini-English",450,0.520827063932325
"gender_agreement","cross_language","Mini-Norwegian","Mini-English",454,0.518431538323039
"gender_agreement","cross_language","Mini-Norwegian","Mini-English",458,0.51465624385007
"gender_agreement","cross_language","Mini-Norwegian","Mini-English",462,0.513809613014794
"gender_agreement","cross_language","Mini-Norwegian","Mini-English",466,0.516168910361265
"gender_agreement","cross_language","Mini-Norwegian","Mini-English",470,0.512369220977657
"gender_agreement","cross_language","Mini-Norwegian","Mini-English",474,0.511550626084458
"gender_agreement","cross_language","Mini-Norwegian","Mini-English",478,0.511733496888466
"gender_agreement","cross_language","Mini-Norwegian","Mini-English",482,0.512135011630365
"gender_agreement","cross_language","Mini-Norwegian","Mini-English",486,0.513130742703054
"gender_agreement","cross_language","Mini-Norwegian","Mini-English",490,0.513607080641018
"gender_agreement","cross_language","Mini-Norwegian","Mini-English",494,0.516171459083272
"gender_agreement","cross_language","Mini-Norwegian","Mini-English",498,0.518315571471718
"gender_agreement","cross_language","Mini-Norwegian","Mini-English",502,0.515037823944843
"gender_agreement","cross_language","Mini-Norwegian","Mini-English",506,0.510979712354875
"gender_agreement","cross_language","Mini-Norwegian","Mini-English",510,0.506983680350937
"gender_agreement","cross_language","Mini-Norwegian","Mini-English",514,0.510144550768631
"gender_agreement","cross_language","Mini-Norwegian","Mini-English",518,0.507718986649976
"gender_agreement","cross_language","Mini-Norwegian","Mini-English",522,0.505924504305429
"gender_agreement","cross_language","Mini-Norwegian","Mini-English",526,0.50362519295191
"gender_agreement","cross_language","Mini-Norwegian","Mini-English",530,0.511028957305083
"gender_agreement","cross_language","Mini-Norwegian","Mini-English",534,0.521146473415282
"gender_agreement","cross_language","Mini-Norwegian","Mini-English",538,0.524058024205213
"gender_agreement","cross_language","Mini-Norwegian","Mini-English",542,0.523177804854915
"gender_agreement","cross_language","Mini-Norwegian","Mini-English",546,0.524406743991251
"gender_agreement","cross_language","Mini-Norwegian","Mini-English",550,0.517585908771409
"gender_agreement","cross_language","Mini-Norwegian","Mini-English",554,0.512598970061437
"gender_agreement","cross_language","Mini-Norwegian","Mini-English",558,0.518519742309641
"gender_agreement","cross_language","Mini-Norwegian","Mini-English",562,0.51759218955064
"gender_agreement","cross_language","Mini-Norwegian","Mini-English",566,0.512101605166915
"gender_agreement","cross_language","Mini-Norwegian","Mini-English",570,0.511278732061776
"gender_agreement","cross_language","Mini-Norwegian","Mini-English",574,0.511423007932533
"gender_agreement","cross_language","Mini-Norwegian","Mini-English",578,0.511514306795858
"gender_agreement","cross_language","Mini-Norwegian","Mini-English",582,0.509466590714751
"gender_agreement","cross_language","Mini-Norwegian","Mini-English",586,0.509749680909107
"gender_agreement","cross_language","Mini-Norwegian","Mini-English",590,0.509916895277928
"gender_agreement","cross_language","Mini-Norwegian","Mini-English",594,0.506820926245629
"gender_agreement","cross_language","Mini-Norwegian","Mini-English",598,0.505060396519247
"gender_agreement","cross_language","Mini-Norwegian","Mini-English",602,0.50538035215692
"gender_agreement","cross_language","Mini-Norwegian","Mini-English",606,0.502687718382239
"gender_agreement","cross_language","Mini-Norwegian","Mini-English",610,0.504793873017936
"gender_agreement","cross_language","Mini-Norwegian","Mini-English",614,0.504106264230744
"gender_agreement","cross_language","Mini-Norwegian","Mini-English",618,0.507617219821265
"gender_agreement","cross_language","Mini-Norwegian","Mini-English",622,0.508714717722666
"gender_agreement","cross_language","Mini-Norwegian","Mini-English",626,0.505654976953181
"gender_agreement","cross_language","Mini-Norwegian","Mini-English",630,0.505969653095268
"gender_agreement","cross_language","Mini-Norwegian","Mini-English",634,0.501534239622469
"gender_agreement","cross_language","Mini-Norwegian","Mini-English",638,0.504639311233365
"gender_agreement","cross_language","Mini-Norwegian","Mini-English",642,0.508368637684421
"gender_agreement","cross_language","Mini-Norwegian","Mini-English",646,0.511250787145484
"gender_agreement","cross_language","Mini-Norwegian","Mini-English",650,0.509552792134061
"gender_agreement","cross_language","Mini-Norwegian","Mini-English",654,0.510139908453547
"gender_agreement","cross_language","Mini-Norwegian","Mini-English",658,0.503573945434411
"gender_agreement","cross_language","Mini-Norwegian","Mini-English",662,0.502744609498468
"gender_agreement","cross_language","Mini-Norwegian","Mini-English",666,0.497331306007028
"gender_agreement","cross_language","Mini-Norwegian","Mini-English",670,0.496018350070245
"gender_agreement","cross_language","Mini-Norwegian","Mini-English",674,0.497732547671569
"gender_agreement","cross_language","Mini-Norwegian","Mini-English",678,0.498879290523178
"gender_agreement","cross_language","Mini-Norwegian","Mini-English",682,0.497712248921299
"gender_agreement","cross_language","Mini-Norwegian","Mini-English",686,0.50534785595133
"gender_agreement","cross_language","Mini-Norwegian","Mini-English",690,0.496589718928758
"gender_agreement","cross_language","Mini-Norwegian","Mini-English",694,0.498670295318598
"gender_agreement","cross_language","Mini-Norwegian","Mini-English",698,0.497481225476515
"gender_agreement","cross_language","Mini-Norwegian","Mini-English",702,0.499379750294423
"gender_agreement","cross_language","Mini-Norwegian","Mini-English",706,0.501630180800878
"gender_agreement","cross_language","Mini-Norwegian","Mini-English",710,0.505495772853526
"gender_agreement","cross_language","Mini-Norwegian","Mini-English",714,0.51310443625091
"gender_agreement","cross_language","Mini-Norwegian","Mini-English",718,0.510521397522533
"gender_agreement","cross_language","Mini-Norwegian","Mini-English",722,0.509109223479046
"gender_agreement","cross_language","Mini-Norwegian","Mini-English",726,0.506905671252364
"gender_agreement","cross_language","Mini-Norwegian","Mini-English",730,0.510437562773658
"gender_agreement","cross_language","Mini-Norwegian","Mini-English",734,0.515015795704639
"gender_agreement","cross_language","Mini-Norwegian","Mini-English",738,0.51451069361831
"gender_agreement","cross_language","Mini-Norwegian","Mini-English",742,0.508410145442821
"gender_agreement","cross_language","Mini-Norwegian","Mini-English",746,0.511781285426098
"gender_agreement","cross_language","Mini-Norwegian","Mini-English",750,0.509799198936673
"gender_agreement","cross_language","Mini-Norwegian","Mini-English",754,0.506991235491172
"gender_agreement","cross_language","Mini-Norwegian","Mini-English",758,0.504815628180782
"gender_agreement","cross_language","Mini-Norwegian","Mini-English",762,0.506111198192446
"gender_agreement","cross_language","Mini-Norwegian","Mini-English",766,0.502085309730711
"gender_agreement","cross_language","Mini-Norwegian","Mini-English",770,0.500310124852789
"gender_agreement","cross_language","Mini-Norwegian","Mini-English",774,0.50350895302323
"gender_agreement","cross_language","Mini-Norwegian","Mini-English",778,0.509591478093097
"gender_agreement","cross_language","Mini-Norwegian","Mini-English",782,0.513062655415151
"gender_agreement","cross_language","Mini-Norwegian","Mini-English",786,0.510649288751816
"gender_agreement","cross_language","Mini-Norwegian","Mini-English",790,0.506055308359863
"gender_agreement","cross_language","Mini-Norwegian","Mini-English",794,0.501855560646931
"gender_agreement","cross_language","Mini-Norwegian","Mini-English",798,0.502659136285445
"gender_agreement","cross_language","Mini-Norwegian","Mini-English",802,0.504398548029483
"gender_agreement","cross_language","Mini-Norwegian","Mini-English",806,0.501501197262163
"gender_agreement","cross_language","Mini-Norwegian","Mini-English",810,0.498221265116425
"gender_agreement","cross_language","Mini-Norwegian","Mini-English",814,0.499814762525558
"gender_agreement","cross_language","Mini-Norwegian","Mini-English",818,0.49997223713528
"gender_agreement","cross_language","Mini-Norwegian","Mini-English",822,0.501763624603105
"gender_agreement","cross_language","Mini-Norwegian","Mini-English",826,0.501676603951721
"gender_agreement","cross_language","Mini-Norwegian","Mini-English",830,0.500068633442619
"gender_agreement","cross_language","Mini-Norwegian","Mini-English",834,0.498300457550216
"gender_agreement","cross_language","Mini-Norwegian","Mini-English",838,0.497980046783613
"gender_agreement","cross_language","Mini-Norwegian","Mini-English",842,0.502222212512805
"gender_agreement","cross_language","Mini-Norwegian","Mini-English",846,0.506026908314641
"gender_agreement","cross_language","Mini-Norwegian","Mini-English",850,0.510541059092302
"gender_agreement","cross_language","Mini-Norwegian","Mini-English",854,0.511192166539322
"gender_agreement","cross_language","Mini-Norwegian","Mini-English",858,0.512003934498573
"gender_agreement","cross_language","Mini-Norwegian","Mini-English",862,0.513120729866598
"gender_agreement","cross_language","Mini-Norwegian","Mini-English",866,0.511496829844952
"gender_agreement","cross_language","Mini-Norwegian","Mini-English",870,0.508524746907353
"gender_agreement","cross_language","Mini-Norwegian","Mini-English",874,0.506438344867211
"gender_agreement","cross_language","Mini-Norwegian","Mini-English",878,0.507940907516163
"gender_agreement","cross_language","Mini-Norwegian","Mini-English",882,0.509296736598137
"gender_agreement","cross_language","Mini-Norwegian","Mini-English",886,0.505665809021711
"gender_agreement","cross_language","Mini-Norwegian","Mini-English",890,0.500293103030813
"gender_agreement","cross_language","Mini-Norwegian","Mini-English",894,0.502193357338654
"gender_agreement","cross_language","Mini-Norwegian","Mini-English",898,0.508947834760527
"gender_agreement","cross_language","Mini-Norwegian","Mini-English",902,0.508400860812653
"gender_agreement","cross_language","Mini-Norwegian","Mini-English",906,0.508491704547048
"gender_agreement","cross_language","Mini-Norwegian","Mini-English",910,0.511407260471561
"gender_agreement","cross_language","Mini-Norwegian","Mini-English",914,0.511996652435695
"gender_agreement","cross_language","Mini-Norwegian","Mini-English",918,0.514039817227504
"gender_agreement","cross_language","Mini-Norwegian","Mini-English",922,0.51013126100388
"gender_agreement","cross_language","Mini-Norwegian","Mini-English",926,0.507699689183351
"gender_agreement","cross_language","Mini-Norwegian","Mini-English",930,0.504037630788125
"gender_agreement","cross_language","Mini-Norwegian","Mini-English",934,0.501727123262932
"gender_agreement","cross_language","Mini-Norwegian","Mini-English",938,0.503912470332421
"gender_agreement","cross_language","Mini-Norwegian","Mini-English",942,0.508710894639655
"gender_agreement","cross_language","Mini-Norwegian","Mini-English",946,0.512000566544492
"gender_agreement","cross_language","Mini-Norwegian","Mini-English",950,0.509304837893088
"gender_agreement","cross_language","Mini-Norwegian","Mini-English",954,0.505012972084758
"gender_agreement","cross_language","Mini-Norwegian","Mini-English",958,0.507875277924481
"gender_agreement","cross_language","Mini-Norwegian","Mini-English",962,0.509977882554526
"gender_agreement","cross_language","Mini-Norwegian","Mini-English",966,0.51406630573122
"gender_agreement","cross_language","Mini-Norwegian","Mini-English",970,0.517007348875804
"gender_agreement","cross_language","Mini-Norwegian","Mini-English",974,0.52143675464673
"gender_agreement","cross_language","Mini-Norwegian","Mini-English",978,0.5211580336901
"gender_agreement","cross_language","Mini-Norwegian","Mini-English",982,0.511619987733365
"gender_agreement","cross_language","Mini-Norwegian","Mini-English",986,0.512429662099539
"gender_agreement","cross_language","Mini-Norwegian","Mini-English",990,0.513844111787675
"gender_agreement","cross_language","Mini-Norwegian","Mini-English",994,0.512292850343231
"gender_agreement","cross_language","Mini-Norwegian","Mini-English",998,0.513871965678181
"gender_agreement","cross_language","Mini-Norwegian","Mini-English",1002,0.514003497938903
"gender_agreement","cross_language","Mini-Norwegian","Mini-English",1006,0.515135858716329
"gender_agreement","cross_language","Mini-Norwegian","Mini-English",1010,0.520471972341269
"gender_agreement","cross_language","Mini-Norwegian","Mini-English",1014,0.520334705456031
"gender_agreement","cross_language","Mini-Norwegian","Mini-English",1018,0.518408235721832
"gender_agreement","cross_language","Mini-Norwegian","Mini-English",1022,0.514429134514083
"gender_agreement","cross_language","Mini-Norwegian","Mini-English",1026,0.509797651498312
"gender_agreement","cross_language","Mini-Norwegian","Mini-English",1030,0.509592388350957
"gender_agreement","cross_language","Mini-Norwegian","Mini-English",1034,0.509723738560107
"gender_agreement","cross_language","Mini-Norwegian","Mini-English",1038,0.516987778331821
"gender_agreement","cross_language","Mini-Norwegian","Mini-English",1042,0.515387362962955
"gender_agreement","cross_language","Mini-Norwegian","Mini-English",1046,0.518016278687459
"gender_agreement","cross_language","Mini-Norwegian","Mini-English",1050,0.515282956386451
"gender_agreement","cross_language","Mini-Norwegian","Mini-English",1054,0.514026891565897
"gender_agreement","cross_language","Mini-Norwegian","Mini-English",1058,0.509583012695002
"gender_agreement","cross_language","Mini-Norwegian","Mini-English",1062,0.512027874280282
"gender_agreement","cross_language","Mini-Norwegian","Mini-English",1066,0.513900274697617
"gender_agreement","cross_language","Mini-Norwegian","Mini-English",1070,0.509773893768174
"gender_agreement","cross_language","Mini-Norwegian","Mini-English",1074,0.512932033412289
"gender_agreement","cross_language","Mini-Norwegian","Mini-English",1078,0.511758620005392
"gender_agreement","cross_language","Mini-Norwegian","Mini-English",1082,0.507682485309804
"gender_agreement","cross_language","Mini-Norwegian","Mini-English",1086,0.508085092361134
"gender_agreement","cross_language","Mini-Norwegian","Mini-English",1090,0.516416955628024
"gender_agreement","cross_language","Mini-Norwegian","Mini-English",1094,0.514828191559761
"gender_agreement","cross_language","Mini-Norwegian","Mini-English",1098,0.520898155071165
"gender_agreement","cross_language","Mini-English","Mini-Norwegian",-98,0.501371137105108
"gender_agreement","cross_language","Mini-English","Mini-Norwegian",-94,0.50380073776047
"gender_agreement","cross_language","Mini-English","Mini-Norwegian",-90,0.505308472392292
"gender_agreement","cross_language","Mini-English","Mini-Norwegian",-86,0.502284495654975
"gender_agreement","cross_language","Mini-English","Mini-Norwegian",-82,0.505177610241087
"gender_agreement","cross_language","Mini-English","Mini-Norwegian",-78,0.50450972576302
"gender_agreement","cross_language","Mini-English","Mini-Norwegian",-74,0.500265834654859
"gender_agreement","cross_language","Mini-English","Mini-Norwegian",-70,0.499264055732556
"gender_agreement","cross_language","Mini-English","Mini-Norwegian",-66,0.496129003889541
"gender_agreement","cross_language","Mini-English","Mini-Norwegian",-62,0.492632336620659
"gender_agreement","cross_language","Mini-English","Mini-Norwegian",-58,0.494434200426521
"gender_agreement","cross_language","Mini-English","Mini-Norwegian",-54,0.50396438714167
"gender_agreement","cross_language","Mini-English","Mini-Norwegian",-50,0.504579888523418
"gender_agreement","cross_language","Mini-English","Mini-Norwegian",-46,0.498885043000978
"gender_agreement","cross_language","Mini-English","Mini-Norwegian",-42,0.499288526668062
"gender_agreement","cross_language","Mini-English","Mini-Norwegian",-38,0.502467932081683
"gender_agreement","cross_language","Mini-English","Mini-Norwegian",-34,0.502925232688964
"gender_agreement","cross_language","Mini-English","Mini-Norwegian",-30,0.499039515781364
"gender_agreement","cross_language","Mini-English","Mini-Norwegian",-26,0.497464199308123
"gender_agreement","cross_language","Mini-English","Mini-Norwegian",-22,0.49468588782179
"gender_agreement","cross_language","Mini-English","Mini-Norwegian",-18,0.490636808301765
"gender_agreement","cross_language","Mini-English","Mini-Norwegian",-14,0.485028949307884
"gender_agreement","cross_language","Mini-English","Mini-Norwegian",-10,0.49409437942759
"gender_agreement","cross_language","Mini-English","Mini-Norwegian",-6,0.498747298399161
"gender_agreement","cross_language","Mini-English","Mini-Norwegian",-2,0.502570882072076
"gender_agreement","cross_language","Mini-English","Mini-Norwegian",2,0.506236934097668
"gender_agreement","cross_language","Mini-English","Mini-Norwegian",6,0.499341865660299
"gender_agreement","cross_language","Mini-English","Mini-Norwegian",10,0.492798949279207
"gender_agreement","cross_language","Mini-English","Mini-Norwegian",14,0.501293613946139
"gender_agreement","cross_language","Mini-English","Mini-Norwegian",18,0.49544257503066
"gender_agreement","cross_language","Mini-English","Mini-Norwegian",22,0.489775450489849
"gender_agreement","cross_language","Mini-English","Mini-Norwegian",26,0.486932711618628
"gender_agreement","cross_language","Mini-English","Mini-Norwegian",30,0.490402900570574
"gender_agreement","cross_language","Mini-English","Mini-Norwegian",34,0.493180064981805
"gender_agreement","cross_language","Mini-English","Mini-Norwegian",38,0.496418353583988
"gender_agreement","cross_language","Mini-English","Mini-Norwegian",42,0.49576767523245
"gender_agreement","cross_language","Mini-English","Mini-Norwegian",46,0.497187658618979
"gender_agreement","cross_language","Mini-English","Mini-Norwegian",50,0.493828353593547
"gender_agreement","cross_language","Mini-English","Mini-Norwegian",54,0.497028501948594
"gender_agreement","cross_language","Mini-English","Mini-Norwegian",58,0.509177461121323
"gender_agreement","cross_language","Mini-English","Mini-Norwegian",62,0.512650039813065
"gender_agreement","cross_language","Mini-English","Mini-Norwegian",66,0.511653327139128
"gender_agreement","cross_language","Mini-English","Mini-Norwegian",70,0.509755491383076
"gender_agreement","cross_language","Mini-English","Mini-Norwegian",74,0.506651028209444
"gender_agreement","cross_language","Mini-English","Mini-Norwegian",78,0.497436095968127
"gender_agreement","cross_language","Mini-English","Mini-Norwegian",82,0.494425215004889
"gender_agreement","cross_language","Mini-English","Mini-Norwegian",86,0.500643891490519
"gender_agreement","cross_language","Mini-English","Mini-Norwegian",90,0.504726331778091
"gender_agreement","cross_language","Mini-English","Mini-Norwegian",94,0.499154605649918
"gender_agreement","cross_language","Mini-English","Mini-Norwegian",98,0.499024603805039
"gender_agreement","cross_language","Mini-English","Mini-Norwegian",102,0.499482382360279
"gender_agreement","cross_language","Mini-English","Mini-Norwegian",106,0.498373925453501
"gender_agreement","cross_language","Mini-English","Mini-Norwegian",110,0.495887353401412
"gender_agreement","cross_language","Mini-English","Mini-Norwegian",114,0.499355152613563
"gender_agreement","cross_language","Mini-English","Mini-Norwegian",118,0.503097485133429
"gender_agreement","cross_language","Mini-English","Mini-Norwegian",122,0.503631353003759
"gender_agreement","cross_language","Mini-English","Mini-Norwegian",126,0.499646318510255
"gender_agreement","cross_language","Mini-English","Mini-Norwegian",130,0.500341446021991
"gender_agreement","cross_language","Mini-English","Mini-Norwegian",134,0.49948085292681
"gender_agreement","cross_language","Mini-English","Mini-Norwegian",138,0.500413329395042
"gender_agreement","cross_language","Mini-English","Mini-Norwegian",142,0.497892249500305
"gender_agreement","cross_language","Mini-English","Mini-Norwegian",146,0.495756013302248
"gender_agreement","cross_language","Mini-English","Mini-Norwegian",150,0.501878144300136
"gender_agreement","cross_language","Mini-English","Mini-Norwegian",154,0.506526666150483
"gender_agreement","cross_language","Mini-English","Mini-Norwegian",158,0.505953415368321
"gender_agreement","cross_language","Mini-English","Mini-Norwegian",162,0.50101994094475
"gender_agreement","cross_language","Mini-English","Mini-Norwegian",166,0.493956634825774
"gender_agreement","cross_language","Mini-English","Mini-Norwegian",170,0.498526677621234
"gender_agreement","cross_language","Mini-English","Mini-Norwegian",174,0.504111595113078
"gender_agreement","cross_language","Mini-English","Mini-Norwegian",178,0.503968879852486
"gender_agreement","cross_language","Mini-English","Mini-Norwegian",182,0.505902944063839
"gender_agreement","cross_language","Mini-English","Mini-Norwegian",186,0.501499131568558
"gender_agreement","cross_language","Mini-English","Mini-Norwegian",190,0.500423175123
"gender_agreement","cross_language","Mini-English","Mini-Norwegian",194,0.506123182483398
"gender_agreement","cross_language","Mini-English","Mini-Norwegian",198,0.504497490295267
"gender_agreement","cross_language","Mini-English","Mini-Norwegian",202,0.502552146512079
"gender_agreement","cross_language","Mini-English","Mini-Norwegian",206,0.501621008298132
"gender_agreement","cross_language","Mini-English","Mini-Norwegian",210,0.502893879302846
"gender_agreement","cross_language","Mini-English","Mini-Norwegian",214,0.509822595276536
"gender_agreement","cross_language","Mini-English","Mini-Norwegian",218,0.513582994229256
"gender_agreement","cross_language","Mini-English","Mini-Norwegian",222,0.515657575140588
"gender_agreement","cross_language","Mini-English","Mini-Norwegian",226,0.510822366817411
"gender_agreement","cross_language","Mini-English","Mini-Norwegian",230,0.507952767270888
"gender_agreement","cross_language","Mini-English","Mini-Norwegian",234,0.503153596223829
"gender_agreement","cross_language","Mini-English","Mini-Norwegian",238,0.496513751996628
"gender_agreement","cross_language","Mini-English","Mini-Norwegian",242,0.499789416129214
"gender_agreement","cross_language","Mini-English","Mini-Norwegian",246,0.498112583509457
"gender_agreement","cross_language","Mini-English","Mini-Norwegian",250,0.491558005198162
"gender_agreement","cross_language","Mini-English","Mini-Norwegian",254,0.49174880202344
"gender_agreement","cross_language","Mini-English","Mini-Norwegian",258,0.497671915491154
"gender_agreement","cross_language","Mini-English","Mini-Norwegian",262,0.505299200201885
"gender_agreement","cross_language","Mini-English","Mini-Norwegian",266,0.509190748074587
"gender_agreement","cross_language","Mini-English","Mini-Norwegian",270,0.505502136905325
"gender_agreement","cross_language","Mini-English","Mini-Norwegian",274,0.49994494039511
"gender_agreement","cross_language","Mini-English","Mini-Norwegian",278,0.504227736467142
"gender_agreement","cross_language","Mini-English","Mini-Norwegian",282,0.507541349667683
"gender_agreement","cross_language","Mini-English","Mini-Norwegian",286,0.510666364603557
"gender_agreement","cross_language","Mini-English","Mini-Norwegian",290,0.50940381727476
"gender_agreement","cross_language","Mini-English","Mini-Norwegian",294,0.507206690506711
"gender_agreement","cross_language","Mini-English","Mini-Norwegian",298,0.504238920449386
"gender_agreement","cross_language","Mini-English","Mini-Norwegian",302,0.509110643996639
"gender_agreement","cross_language","Mini-English","Mini-Norwegian",306,0.512065318279884
"gender_agreement","cross_language","Mini-English","Mini-Norwegian",310,0.512960801576081
"gender_agreement","cross_language","Mini-English","Mini-Norwegian",314,0.512010641033362
"gender_agreement","cross_language","Mini-English","Mini-Norwegian",318,0.506613843858225
"gender_agreement","cross_language","Mini-English","Mini-Norwegian",322,0.505091006070895
"gender_agreement","cross_language","Mini-English","Mini-Norwegian",326,0.505170058663333
"gender_agreement","cross_language","Mini-English","Mini-Norwegian",330,0.508717484005472
"gender_agreement","cross_language","Mini-English","Mini-Norwegian",334,0.506994386023272
"gender_agreement","cross_language","Mini-English","Mini-Norwegian",338,0.508216881313095
"gender_agreement","cross_language","Mini-English","Mini-Norwegian",342,0.509428574979042
"gender_agreement","cross_language","Mini-English","Mini-Norwegian",346,0.506567769674967
"gender_agreement","cross_language","Mini-English","Mini-Norwegian",350,0.501090772832291
"gender_agreement","cross_language","Mini-English","Mini-Norwegian",354,0.500683369991942
"gender_agreement","cross_language","Mini-English","Mini-Norwegian",358,0.500899211290278
"gender_agreement","cross_language","Mini-English","Mini-Norwegian",362,0.507168932617941
"gender_agreement","cross_language","Mini-English","Mini-Norwegian",366,0.517578734757045
"gender_agreement","cross_language","Mini-English","Mini-Norwegian",370,0.517815127817623
"gender_agreement","cross_language","Mini-English","Mini-Norwegian",374,0.518040528075141
"gender_agreement","cross_language","Mini-English","Mini-Norwegian",378,0.520707860045367
"gender_agreement","cross_language","Mini-English","Mini-Norwegian",382,0.524708093283971
"gender_agreement","cross_language","Mini-English","Mini-Norwegian",386,0.526841557383866
"gender_agreement","cross_language","Mini-English","Mini-Norwegian",390,0.522180991244949
"gender_agreement","cross_language","Mini-English","Mini-Norwegian",394,0.521371251812618
"gender_agreement","cross_language","Mini-English","Mini-Norwegian",398,0.518820921502783
"gender_agreement","cross_language","Mini-English","Mini-Norwegian",402,0.514158634751214
"gender_agreement","cross_language","Mini-English","Mini-Norwegian",406,0.51319461371768
"gender_agreement","cross_language","Mini-English","Mini-Norwegian",410,0.514993896604562
"gender_agreement","cross_language","Mini-English","Mini-Norwegian",414,0.51696179953142
"gender_agreement","cross_language","Mini-English","Mini-Norwegian",418,0.513366674982961
"gender_agreement","cross_language","Mini-English","Mini-Norwegian",422,0.508342772805526
"gender_agreement","cross_language","Mini-English","Mini-Norwegian",426,0.508387795503274
"gender_agreement","cross_language","Mini-English","Mini-Norwegian",430,0.510920441738622
"gender_agreement","cross_language","Mini-English","Mini-Norwegian",434,0.512365947546167
"gender_agreement","cross_language","Mini-English","Mini-Norwegian",438,0.516785245555323
"gender_agreement","cross_language","Mini-English","Mini-Norwegian",442,0.524923074275981
"gender_agreement","cross_language","Mini-English","Mini-Norwegian",446,0.524095459589978
"gender_agreement","cross_language","Mini-English","Mini-Norwegian",450,0.523672188877386
"gender_agreement","cross_language","Mini-English","Mini-Norwegian",454,0.51993348876201
"gender_agreement","cross_language","Mini-English","Mini-Norwegian",458,0.516224421420098
"gender_agreement","cross_language","Mini-English","Mini-Norwegian",462,0.516891350002246
"gender_agreement","cross_language","Mini-English","Mini-Norwegian",466,0.522378957289614
"gender_agreement","cross_language","Mini-English","Mini-Norwegian",470,0.523589599470051
"gender_agreement","cross_language","Mini-English","Mini-Norwegian",474,0.522646034609168
"gender_agreement","cross_language","Mini-English","Mini-Norwegian",478,0.518448504453041
"gender_agreement","cross_language","Mini-English","Mini-Norwegian",482,0.517823635291295
"gender_agreement","cross_language","Mini-English","Mini-Norwegian",486,0.5147210839095
"gender_agreement","cross_language","Mini-English","Mini-Norwegian",490,0.514561736059931
"gender_agreement","cross_language","Mini-English","Mini-Norwegian",494,0.517344922615446
"gender_agreement","cross_language","Mini-English","Mini-Norwegian",498,0.518876745824408
"gender_agreement","cross_language","Mini-English","Mini-Norwegian",502,0.517724413294983
"gender_agreement","cross_language","Mini-English","Mini-Norwegian",506,0.516142501139906
"gender_agreement","cross_language","Mini-English","Mini-Norwegian",510,0.51001998778365
"gender_agreement","cross_language","Mini-English","Mini-Norwegian",514,0.514531051800956
"gender_agreement","cross_language","Mini-English","Mini-Norwegian",518,0.516970689363459
"gender_agreement","cross_language","Mini-English","Mini-Norwegian",522,0.515621824633247
"gender_agreement","cross_language","Mini-English","Mini-Norwegian",526,0.508550775757332
"gender_agreement","cross_language","Mini-English","Mini-Norwegian",530,0.515412483427155
"gender_agreement","cross_language","Mini-English","Mini-Norwegian",534,0.518680691571579
"gender_agreement","cross_language","Mini-English","Mini-Norwegian",538,0.518865657431756
"gender_agreement","cross_language","Mini-English","Mini-Norwegian",542,0.517810539517215
"gender_agreement","cross_language","Mini-English","Mini-Norwegian",546,0.513738614084744
"gender_agreement","cross_language","Mini-English","Mini-Norwegian",550,0.511888190766237
"gender_agreement","cross_language","Mini-English","Mini-Norwegian",554,0.514798033530917
"gender_agreement","cross_language","Mini-English","Mini-Norwegian",558,0.515836232087705
"gender_agreement","cross_language","Mini-English","Mini-Norwegian",562,0.517978203661273
"gender_agreement","cross_language","Mini-English","Mini-Norwegian",566,0.516250804147441
"gender_agreement","cross_language","Mini-English","Mini-Norwegian",570,0.518954173393784
"gender_agreement","cross_language","Mini-English","Mini-Norwegian",574,0.518474026874058
"gender_agreement","cross_language","Mini-English","Mini-Norwegian",578,0.515986020978092
"gender_agreement","cross_language","Mini-English","Mini-Norwegian",582,0.514483734953003
"gender_agreement","cross_language","Mini-English","Mini-Norwegian",586,0.512250284140062
"gender_agreement","cross_language","Mini-English","Mini-Norwegian",590,0.512447676647176
"gender_agreement","cross_language","Mini-English","Mini-Norwegian",594,0.511712783865242
"gender_agreement","cross_language","Mini-English","Mini-Norwegian",598,0.508045106816589
"gender_agreement","cross_language","Mini-English","Mini-Norwegian",602,0.505588836665109
"gender_agreement","cross_language","Mini-English","Mini-Norwegian",606,0.504761795516657
"gender_agreement","cross_language","Mini-English","Mini-Norwegian",610,0.499967977486739
"gender_agreement","cross_language","Mini-English","Mini-Norwegian",614,0.498636414472647
"gender_agreement","cross_language","Mini-English","Mini-Norwegian",618,0.504628925984023
"gender_agreement","cross_language","Mini-English","Mini-Norwegian",622,0.506300405586638
"gender_agreement","cross_language","Mini-English","Mini-Norwegian",626,0.505450422936149
"gender_agreement","cross_language","Mini-English","Mini-Norwegian",630,0.507605968231755
"gender_agreement","cross_language","Mini-English","Mini-Norwegian",634,0.508148152396574
"gender_agreement","cross_language","Mini-English","Mini-Norwegian",638,0.506005129337497
"gender_agreement","cross_language","Mini-English","Mini-Norwegian",642,0.506167536054004
"gender_agreement","cross_language","Mini-English","Mini-Norwegian",646,0.50581595753528
"gender_agreement","cross_language","Mini-English","Mini-Norwegian",650,0.508533282862029
"gender_agreement","cross_language","Mini-English","Mini-Norwegian",654,0.512345586963109
"gender_agreement","cross_language","Mini-English","Mini-Norwegian",658,0.507973605801906
"gender_agreement","cross_language","Mini-English","Mini-Norwegian",662,0.505706220683867
"gender_agreement","cross_language","Mini-English","Mini-Norwegian",666,0.500690921569696
"gender_agreement","cross_language","Mini-English","Mini-Norwegian",670,0.49562400407594
"gender_agreement","cross_language","Mini-English","Mini-Norwegian",674,0.494190542556964
"gender_agreement","cross_language","Mini-English","Mini-Norwegian",678,0.498112296740682
"gender_agreement","cross_language","Mini-English","Mini-Norwegian",682,0.502827826894896
"gender_agreement","cross_language","Mini-English","Mini-Norwegian",686,0.503043381424457
"gender_agreement","cross_language","Mini-English","Mini-Norwegian",690,0.504114940748791
"gender_agreement","cross_language","Mini-English","Mini-Norwegian",694,0.503619117536006
"gender_agreement","cross_language","Mini-English","Mini-Norwegian",698,0.500027529802445
"gender_agreement","cross_language","Mini-English","Mini-Norwegian",702,0.500043206495504
"gender_agreement","cross_language","Mini-English","Mini-Norwegian",706,0.504784928197878
"gender_agreement","cross_language","Mini-English","Mini-Norwegian",710,0.511022340243505
"gender_agreement","cross_language","Mini-English","Mini-Norwegian",714,0.51383124039922
"gender_agreement","cross_language","Mini-English","Mini-Norwegian",718,0.514402579389546
"gender_agreement","cross_language","Mini-English","Mini-Norwegian",722,0.514031978542048
"gender_agreement","cross_language","Mini-English","Mini-Norwegian",726,0.515294717050029
"gender_agreement","cross_language","Mini-English","Mini-Norwegian",730,0.520446326922139
"gender_agreement","cross_language","Mini-English","Mini-Norwegian",734,0.51805515328269
"gender_agreement","cross_language","Mini-English","Mini-Norwegian",738,0.512970456124855
"gender_agreement","cross_language","Mini-English","Mini-Norwegian",742,0.513321269926845
"gender_agreement","cross_language","Mini-English","Mini-Norwegian",746,0.50869329983874
"gender_agreement","cross_language","Mini-English","Mini-Norwegian",750,0.516222605217853
"gender_agreement","cross_language","Mini-English","Mini-Norwegian",754,0.513962676087977
"gender_agreement","cross_language","Mini-English","Mini-Norwegian",758,0.511185033728787
"gender_agreement","cross_language","Mini-English","Mini-Norwegian",762,0.50952655431066
"gender_agreement","cross_language","Mini-English","Mini-Norwegian",766,0.507352560223833
"gender_agreement","cross_language","Mini-English","Mini-Norwegian",770,0.507552342470742
"gender_agreement","cross_language","Mini-English","Mini-Norwegian",774,0.50711645393203
"gender_agreement","cross_language","Mini-English","Mini-Norwegian",778,0.510092157925476
"gender_agreement","cross_language","Mini-English","Mini-Norwegian",782,0.51688733523939
"gender_agreement","cross_language","Mini-English","Mini-Norwegian",786,0.517263193514437
"gender_agreement","cross_language","Mini-English","Mini-Norwegian",790,0.511075105698191
"gender_agreement","cross_language","Mini-English","Mini-Norwegian",794,0.510457214576648
"gender_agreement","cross_language","Mini-English","Mini-Norwegian",798,0.508135916928821
"gender_agreement","cross_language","Mini-English","Mini-Norwegian",802,0.506521982260484
"gender_agreement","cross_language","Mini-English","Mini-Norwegian",806,0.506252706380318
"gender_agreement","cross_language","Mini-English","Mini-Norwegian",810,0.508495811742034
"gender_agreement","cross_language","Mini-English","Mini-Norwegian",814,0.507930016948035
"gender_agreement","cross_language","Mini-English","Mini-Norwegian",818,0.505242611163526
"gender_agreement","cross_language","Mini-English","Mini-Norwegian",822,0.504740861396048
"gender_agreement","cross_language","Mini-English","Mini-Norwegian",826,0.50677300052861
"gender_agreement","cross_language","Mini-English","Mini-Norwegian",830,0.505228559493528
"gender_agreement","cross_language","Mini-English","Mini-Norwegian",834,0.504185772636332
"gender_agreement","cross_language","Mini-English","Mini-Norwegian",838,0.503394673174406
"gender_agreement","cross_language","Mini-English","Mini-Norwegian",842,0.507365178049953
"gender_agreement","cross_language","Mini-English","Mini-Norwegian",846,0.505694749932848
"gender_agreement","cross_language","Mini-English","Mini-Norwegian",850,0.508406148704904
"gender_agreement","cross_language","Mini-English","Mini-Norwegian",854,0.510835271412308
"gender_agreement","cross_language","Mini-English","Mini-Norwegian",858,0.515489815406939
"gender_agreement","cross_language","Mini-English","Mini-Norwegian",862,0.519785038125909
"gender_agreement","cross_language","Mini-English","Mini-Norwegian",866,0.513204746214413
"gender_agreement","cross_language","Mini-English","Mini-Norwegian",870,0.514694127644606
"gender_agreement","cross_language","Mini-English","Mini-Norwegian",874,0.511398963235287
"gender_agreement","cross_language","Mini-English","Mini-Norwegian",878,0.508003238575371
"gender_agreement","cross_language","Mini-English","Mini-Norwegian",882,0.505631756391837
"gender_agreement","cross_language","Mini-English","Mini-Norwegian",886,0.503964291552079
"gender_agreement","cross_language","Mini-English","Mini-Norwegian",890,0.500447550468915
"gender_agreement","cross_language","Mini-English","Mini-Norwegian",894,0.500345460784848
"gender_agreement","cross_language","Mini-English","Mini-Norwegian",898,0.504058064941657
"gender_agreement","cross_language","Mini-English","Mini-Norwegian",902,0.506286927454191
"gender_agreement","cross_language","Mini-English","Mini-Norwegian",906,0.508344875776546
"gender_agreement","cross_language","Mini-English","Mini-Norwegian",910,0.510921206455356
"gender_agreement","cross_language","Mini-English","Mini-Norwegian",914,0.511126819667367
"gender_agreement","cross_language","Mini-English","Mini-Norwegian",918,0.509635430855747
"gender_agreement","cross_language","Mini-English","Mini-Norwegian",922,0.506763728338204
"gender_agreement","cross_language","Mini-English","Mini-Norwegian",926,0.50490823877133
"gender_agreement","cross_language","Mini-English","Mini-Norwegian",930,0.503367908088696
"gender_agreement","cross_language","Mini-English","Mini-Norwegian",934,0.50226117179457
"gender_agreement","cross_language","Mini-English","Mini-Norwegian",938,0.502772671700415
"gender_agreement","cross_language","Mini-English","Mini-Norwegian",942,0.507551768933191
"gender_agreement","cross_language","Mini-English","Mini-Norwegian",946,0.513535103843753
"gender_agreement","cross_language","Mini-English","Mini-Norwegian",950,0.511457272886299
"gender_agreement","cross_language","Mini-English","Mini-Norwegian",954,0.507808904935195
"gender_agreement","cross_language","Mini-English","Mini-Norwegian",958,0.506244868033789
"gender_agreement","cross_language","Mini-English","Mini-Norwegian",962,0.507533702500337
"gender_agreement","cross_language","Mini-English","Mini-Norwegian",966,0.510887272150259
"gender_agreement","cross_language","Mini-English","Mini-Norwegian",970,0.514705216037257
"gender_agreement","cross_language","Mini-English","Mini-Norwegian",974,0.514148406664889
"gender_agreement","cross_language","Mini-English","Mini-Norwegian",978,0.509036370883793
"gender_agreement","cross_language","Mini-English","Mini-Norwegian",982,0.505170536611292
"gender_agreement","cross_language","Mini-English","Mini-Norwegian",986,0.504479519452004
"gender_agreement","cross_language","Mini-English","Mini-Norwegian",990,0.509576738846367
"gender_agreement","cross_language","Mini-English","Mini-Norwegian",994,0.512899241878947
"gender_agreement","cross_language","Mini-English","Mini-Norwegian",998,0.514597008619313
"gender_agreement","cross_language","Mini-English","Mini-Norwegian",1002,0.512913293548945
"gender_agreement","cross_language","Mini-English","Mini-Norwegian",1006,0.510118253884044
"gender_agreement","cross_language","Mini-English","Mini-Norwegian",1010,0.509258234326414
"gender_agreement","cross_language","Mini-English","Mini-Norwegian",1014,0.508745969703835
"gender_agreement","cross_language","Mini-English","Mini-Norwegian",1018,0.509255271049067
"gender_agreement","cross_language","Mini-English","Mini-Norwegian",1022,0.508220035769625
"gender_agreement","cross_language","Mini-English","Mini-Norwegian",1026,0.508412935565924
"gender_agreement","cross_language","Mini-English","Mini-Norwegian",1030,0.508967928736047
"gender_agreement","cross_language","Mini-English","Mini-Norwegian",1034,0.510148842553427
"gender_agreement","cross_language","Mini-English","Mini-Norwegian",1038,0.511462243545074
"gender_agreement","cross_language","Mini-English","Mini-Norwegian",1042,0.514860931482336
"gender_agreement","cross_language","Mini-English","Mini-Norwegian",1046,0.512382006597594
"gender_agreement","cross_language","Mini-English","Mini-Norwegian",1050,0.50622077945665
"gender_agreement","cross_language","Mini-English","Mini-Norwegian",1054,0.503358253539922
"gender_agreement","cross_language","Mini-English","Mini-Norwegian",1058,0.50333559880666
"gender_agreement","cross_language","Mini-English","Mini-Norwegian",1062,0.502856981720402
"gender_agreement","cross_language","Mini-English","Mini-Norwegian",1066,0.504083491773082
"gender_agreement","cross_language","Mini-English","Mini-Norwegian",1070,0.50634351649255
"gender_agreement","cross_language","Mini-English","Mini-Norwegian",1074,0.507792272346218
"gender_agreement","cross_language","Mini-English","Mini-Norwegian",1078,0.505650014003875
"gender_agreement","cross_language","Mini-English","Mini-Norwegian",1082,0.505031740523965
"gender_agreement","cross_language","Mini-English","Mini-Norwegian",1086,0.506405076189684
"gender_agreement","cross_language","Mini-English","Mini-Norwegian",1090,0.506155109407067
"gender_agreement","cross_language","Mini-English","Mini-Norwegian",1094,0.508112115120457
"gender_agreement","cross_language","Mini-English","Mini-Norwegian",1098,0.511888573124604
