"paper","file_pattern","column","description","writer_script"
"paper_1_transfer","_accuracy_input_gaps.csv","reason","Why the extraction cannot read the logfile: 'split_export' (the run is split across subject-N-test.csv and subject-N-experiment.csv, which the file pattern does not match) or 'semicolon_delimited' (the comma-delimited reader parses the export as a single column). One row per affected logfile.","paper_1_transfer/scripts/02_extract_accuracy.R"
"paper_1_transfer","_accuracy_input_gaps.csv","file","Base name of the OpenSesame logfile.","paper_1_transfer/scripts/02_extract_accuracy.R"
"paper_1_transfer","_accuracy_input_gaps.csv","session","Session number parsed from the folder name (2, 3, 4 or 6).","paper_1_transfer/scripts/02_extract_accuracy.R"
"paper_1_transfer","_accuracy_input_gaps.csv","participant_lab_ID","Integer lab ID parsed from the file name.","paper_1_transfer/scripts/02_extract_accuracy.R"
"paper_1_transfer","_accuracy_rt_screen.csv","n_valid_trials","Scored grammaticality-judgement trials before the response-time screen: Experiment-block rows with a canonical property and grammaticality and a 0/1 correctness value, pooled over the three properties and Sessions 2, 3, 4 and 6. The file holds one row.","paper_1_transfer/scripts/02_extract_accuracy.R"
"paper_1_transfer","_accuracy_rt_screen.csv","n_kept","Trials whose response time lies strictly between rt_min_ms and rt_max_ms.","paper_1_transfer/scripts/02_extract_accuracy.R"
"paper_1_transfer","_accuracy_rt_screen.csv","n_rt_excluded","n_valid_trials minus n_kept.","paper_1_transfer/scripts/02_extract_accuracy.R"
"paper_1_transfer","_accuracy_rt_screen.csv","pct_rt_excluded","100 * n_rt_excluded / n_valid_trials.","paper_1_transfer/scripts/02_extract_accuracy.R"
"paper_1_transfer","_accuracy_rt_screen.csv","rt_min_ms","Lower response-time bound in milliseconds (200); a trial must exceed it to be kept.","paper_1_transfer/scripts/02_extract_accuracy.R"
"paper_1_transfer","_accuracy_rt_screen.csv","rt_max_ms","Upper response-time bound in milliseconds (4000); a trial must fall below it to be kept.","paper_1_transfer/scripts/02_extract_accuracy.R"
"paper_1_transfer","_accuracy_sentence_inventory.csv","session","ERP session (2, 3, 4 or 6). One row per session.","paper_1_transfer/scripts/02_extract_accuracy.R"
"paper_1_transfer","_accuracy_sentence_inventory.csv","n_trials","Scored judgement trials in that session after the response-time screen and de-duplication, pooled over the three properties; these are the trials that reach the accuracy models.","paper_1_transfer/scripts/02_extract_accuracy.R"
"paper_1_transfer","_accuracy_sentence_inventory.csv","n_participants","Distinct participants contributing those trials.","paper_1_transfer/scripts/02_extract_accuracy.R"
"paper_1_transfer","_accuracy_sentence_inventory.csv","n_distinct_sentences","Distinct sentence strings logged among those trials; NA when the logfiles carry no sentence column.","paper_1_transfer/scripts/02_extract_accuracy.R"
"paper_1_transfer","_electrode_coordinates.csv","electrode","10-20 electrode label. One row per scalp electrode in the study's region map (30 electrodes).","paper_1_transfer/scripts/07c_extract_electrode_coordinates.R"
"paper_1_transfer","_electrode_coordinates.csv","brain_region","Electrode cluster used by the importer and the ERP models: left, midline or right crossed with anterior, medial or posterior.","paper_1_transfer/scripts/07c_extract_electrode_coordinates.R"
"paper_1_transfer","_electrode_coordinates.csv","macroregion","'lateral' (the left and right clusters) or 'midline'.","paper_1_transfer/scripts/07c_extract_electrode_coordinates.R"
"paper_1_transfer","_electrode_coordinates.csv","hemisphere","'left', 'right' or 'midline'.","paper_1_transfer/scripts/07c_extract_electrode_coordinates.R"
"paper_1_transfer","_electrode_coordinates.csv","caudality","'anterior', 'medial' or 'posterior'.","paper_1_transfer/scripts/07c_extract_electrode_coordinates.R"
"paper_1_transfer","_electrode_coordinates.csv","theta","BrainVision polar angle from the vertex in degrees, read from the recording headers; Cz is 0 and the equator is 90; the sign distinguishes the hemispheres.","paper_1_transfer/scripts/07c_extract_electrode_coordinates.R"
"paper_1_transfer","_electrode_coordinates.csv","phi","BrainVision azimuth in degrees, read from the recording headers.","paper_1_transfer/scripts/07c_extract_electrode_coordinates.R"
"paper_1_transfer","_electrode_coordinates.csv","x","Planar projection of the sensor: radius |theta| / 90 at azimuth phi (theta >= 0) or 180 + phi (theta < 0). Positive is right; the unit circle is the equator.","paper_1_transfer/scripts/07c_extract_electrode_coordinates.R"
"paper_1_transfer","_electrode_coordinates.csv","y","Planar projection of the sensor; positive is anterior.","paper_1_transfer/scripts/07c_extract_electrode_coordinates.R"
"paper_1_transfer","_electrode_grand_average_*.csv","grammatical_property","Property label as the importer writes it: 'Gender agreement', 'Differential object marking' or 'Verb-object number agreement'. One row per grammaticality x electrode x sample.","paper_1_transfer/scripts/07b_extract_grand_average_by_electrode.R"
"paper_1_transfer","_electrode_grand_average_*.csv","grammaticality","'Grammatical' or 'Ungrammatical'; the ancillary violation conditions are excluded.","paper_1_transfer/scripts/07b_extract_grand_average_by_electrode.R"
"paper_1_transfer","_electrode_grand_average_*.csv","electrode","10-20 electrode label.","paper_1_transfer/scripts/07b_extract_grand_average_by_electrode.R"
"paper_1_transfer","_electrode_grand_average_*.csv","brain_region","Cluster label of the electrode (see _electrode_coordinates.csv).","paper_1_transfer/scripts/07b_extract_grand_average_by_electrode.R"
"paper_1_transfer","_electrode_grand_average_*.csv","macroregion","'lateral' or 'midline'; the file name carries the same value.","paper_1_transfer/scripts/07b_extract_grand_average_by_electrode.R"
"paper_1_transfer","_electrode_grand_average_*.csv","hemisphere","'left' or 'right'; NA for the midline clusters.","paper_1_transfer/scripts/07b_extract_grand_average_by_electrode.R"
"paper_1_transfer","_electrode_grand_average_*.csv","caudality","'anterior', 'medial' or 'posterior'.","paper_1_transfer/scripts/07b_extract_grand_average_by_electrode.R"
"paper_1_transfer","_electrode_grand_average_*.csv","time","Sample time in milliseconds from critical-word onset, -100 to 1098 in 2 ms steps.","paper_1_transfer/scripts/07b_extract_grand_average_by_electrode.R"
"paper_1_transfer","_electrode_grand_average_*.csv","mean_amp","Mean amplitude in microvolts over every retained trial of every participant at that electrode and sample, as exported. Computed on the full sample, so the four mis-filtered Session-3 datasets are included.","paper_1_transfer/scripts/07b_extract_grand_average_by_electrode.R"
"paper_1_transfer","_electrode_grand_average_*.csv","n_obs","Number of single-trial observations averaged.","paper_1_transfer/scripts/07b_extract_grand_average_by_electrode.R"
"paper_1_transfer","_grand_average_*.csv","grammatical_property","Property label as the importer writes it: 'Gender agreement', 'Differential object marking' or 'Verb-object number agreement'. One row per grammaticality x cluster x sample.","paper_1_transfer/scripts/07_extract_grand_average_waveforms.R"
"paper_1_transfer","_grand_average_*.csv","grammaticality","'Grammatical' or 'Ungrammatical'; the ancillary violation conditions are excluded.","paper_1_transfer/scripts/07_extract_grand_average_waveforms.R"
"paper_1_transfer","_grand_average_*.csv","macroregion","'lateral' or 'midline'; the file name carries the same value.","paper_1_transfer/scripts/07_extract_grand_average_waveforms.R"
"paper_1_transfer","_grand_average_*.csv","brain_region","Electrode cluster over which the electrodes are pooled: left, midline or right crossed with anterior, medial or posterior.","paper_1_transfer/scripts/07_extract_grand_average_waveforms.R"
"paper_1_transfer","_grand_average_*.csv","hemisphere","'left' or 'right'; NA for the midline clusters.","paper_1_transfer/scripts/07_extract_grand_average_waveforms.R"
"paper_1_transfer","_grand_average_*.csv","caudality","'anterior', 'medial' or 'posterior'.","paper_1_transfer/scripts/07_extract_grand_average_waveforms.R"
"paper_1_transfer","_grand_average_*.csv","time","Sample time in milliseconds from critical-word onset, -100 to 1098 in 2 ms steps.","paper_1_transfer/scripts/07_extract_grand_average_waveforms.R"
"paper_1_transfer","_grand_average_*.csv","mean_amp","Mean amplitude in microvolts over the electrodes of the cluster, every retained trial and every participant at that sample, as exported. Computed on the full sample, so the four mis-filtered Session-3 datasets are included.","paper_1_transfer/scripts/07_extract_grand_average_waveforms.R"
"paper_1_transfer","_grand_average_*.csv","n_obs","Number of electrode-by-trial observations averaged.","paper_1_transfer/scripts/07_extract_grand_average_waveforms.R"
"paper_1_transfer","_erp_trial_retention.csv","scope","'per_condition_canonical' (one modelled Grammatical or Ungrammatical cell), 'canonical' (every Grammatical and Ungrammatical cell pooled) or 'overall' (every grammaticality category pooled, ancillary violations included). One row per per-condition cell plus the two pooled rows.","paper_1_transfer/scripts/00c_extract_erp_retention.R"
"paper_1_transfer","_erp_trial_retention.csv","grammatical_property","snake_case property key; 'ALL' on the pooled rows.","paper_1_transfer/scripts/00c_extract_erp_retention.R"
"paper_1_transfer","_erp_trial_retention.csv","session","ERP session (2, 3, 4 or 6); NA on the pooled rows.","paper_1_transfer/scripts/00c_extract_erp_retention.R"
"paper_1_transfer","_erp_trial_retention.csv","mini_language","'Mini-English', 'Mini-Norwegian' or 'ALL' on the pooled rows.","paper_1_transfer/scripts/00c_extract_erp_retention.R"
"paper_1_transfer","_erp_trial_retention.csv","grammaticality","'Grammatical', 'Ungrammatical', 'Grammatical+Ungrammatical' (the canonical pooled row) or 'ALL' (the overall pooled row).","paper_1_transfer/scripts/00c_extract_erp_retention.R"
"paper_1_transfer","_erp_trial_retention.csv","mean_retained","Mean number of EEG trials retained after artefact rejection per participant x session x property x grammaticality cell, every cell weighted equally; rounded to 3 decimals.","paper_1_transfer/scripts/00c_extract_erp_retention.R"
"paper_1_transfer","_erp_trial_retention.csv","sd_retained","Standard deviation of that count across cells.","paper_1_transfer/scripts/00c_extract_erp_retention.R"
"paper_1_transfer","_erp_trial_retention.csv","n_cells","Number of participant-level cells summarised.","paper_1_transfer/scripts/00c_extract_erp_retention.R"
"paper_1_transfer","_erp_trial_retention.csv","presented_per_cell","Trials presented per cell by design (48).","paper_1_transfer/scripts/00c_extract_erp_retention.R"
"paper_1_transfer","_erp_trial_retention.csv","pct_discarded","100 * (presented_per_cell - mean_retained) / presented_per_cell.","paper_1_transfer/scripts/00c_extract_erp_retention.R"
"paper_1_transfer","_first_session_language_advantage.csv","model","Accuracy model id, 'accuracy_<property>'. One row per model.","paper_1_transfer/scripts/05_posterior_summaries_and_contrasts.R"
"paper_1_transfer","_first_session_language_advantage.csv","contrast","'gram_x_language_at_first_session': the grammaticality x mini-language coefficient evaluated at the property's earliest measured session, b_gram:lang + z_first * b_gram:session:lang, where z_first is the standardised code of that session.","paper_1_transfer/scripts/05_posterior_summaries_and_contrasts.R"
"paper_1_transfer","_first_session_language_advantage.csv","median","Posterior median of the contrast on the logit scale. Mini-language is coded Mini-Norwegian = +0.5 and Mini-English = -0.5 before standardisation, so a positive value is a larger grammaticality effect in the Mini-Norwegian group.","paper_1_transfer/scripts/05_posterior_summaries_and_contrasts.R"
"paper_1_transfer","_first_session_language_advantage.csv","ci_low","2.5th percentile of the posterior (lower bound of the equal-tailed 95% credible interval).","paper_1_transfer/scripts/05_posterior_summaries_and_contrasts.R"
"paper_1_transfer","_first_session_language_advantage.csv","ci_high","97.5th percentile of the posterior (upper bound of the equal-tailed 95% credible interval).","paper_1_transfer/scripts/05_posterior_summaries_and_contrasts.R"
"paper_1_transfer","_first_session_language_advantage.csv","pd","Probability of direction: the larger of the posterior mass above zero and below zero.","paper_1_transfer/scripts/05_posterior_summaries_and_contrasts.R"
"paper_1_transfer","_flow_inconsistencies.csv","check","Name of the consistency check that fired: 'data_without_attendance:<stage>', 'non_monotonic_attendance', 'language_parity_mismatch', 'duplicate_lab_ID', 'duplicate_home_ID', 'missing_lab_ID', 'enrolled_no_attendance', 'erp_without_accuracy', 'accuracy_without_erp', 'incomplete_predictor_set' or 'flow_total_mismatch'. One row per detected inconsistency.","paper_1_transfer/scripts/00b_audit_participant_flow.R"
"paper_1_transfer","_flow_inconsistencies.csv","severity","'error', 'warning' or 'info'.","paper_1_transfer/scripts/00b_audit_participant_flow.R"
"paper_1_transfer","_flow_inconsistencies.csv","participant_lab_ID","Lab ID of the participant concerned; NA for 'flow_total_mismatch', which is a property of a stage.","paper_1_transfer/scripts/00b_audit_participant_flow.R"
"paper_1_transfer","_flow_inconsistencies.csv","detail","Free-text statement of the inconsistency.","paper_1_transfer/scripts/00b_audit_participant_flow.R"
"paper_1_transfer","_literature_trend.csv","stratum","Literature subset counted: 'All L3-transfer research', 'Acceptability/grammaticality judgement' or 'Electrophysiology (ERP/EEG)'. One row per stratum x publication year.","paper_1_transfer/scripts/10_extract_literature_trend.R"
"paper_1_transfer","_literature_trend.csv","year","Publication year, 2005 to 2025.","paper_1_transfer/scripts/10_extract_literature_trend.R"
"paper_1_transfer","_literature_trend.csv","n","Number of Scopus documents matching the query.","paper_1_transfer/scripts/10_extract_literature_trend.R"
"paper_1_transfer","_literature_trend.csv","query","The exact Scopus Search API query string, every term scoped to TITLE-ABS-KEY.","paper_1_transfer/scripts/10_extract_literature_trend.R"
"paper_1_transfer","_misfiltered_share.csv","grammatical_property","snake_case key of a property recorded at the session of the mis-filtered datasets. One row per such property.","paper_1_transfer/scripts/00c_extract_erp_retention.R"
"paper_1_transfer","_misfiltered_share.csv","session","Session of the mis-filtered recordings (3).","paper_1_transfer/scripts/00c_extract_erp_retention.R"
"paper_1_transfer","_misfiltered_share.csv","n_datasets_misfiltered","Number of the mis-filtered participant-sessions (LES_P1_MISFILTERED in scripts/_config.R) with retained Grammatical or Ungrammatical trials of that property.","paper_1_transfer/scripts/00c_extract_erp_retention.R"
"paper_1_transfer","_misfiltered_share.csv","n_datasets_all","Participants with retained Grammatical or Ungrammatical trials of that property at that session.","paper_1_transfer/scripts/00c_extract_erp_retention.R"
"paper_1_transfer","_misfiltered_share.csv","n_trials_misfiltered","Retained Grammatical and Ungrammatical trials contributed by the mis-filtered datasets.","paper_1_transfer/scripts/00c_extract_erp_retention.R"
"paper_1_transfer","_misfiltered_share.csv","n_trials_all","Retained Grammatical and Ungrammatical trials from every dataset at that session.","paper_1_transfer/scripts/00c_extract_erp_retention.R"
"paper_1_transfer","_misfiltered_share.csv","share_pct","100 * n_trials_misfiltered / n_trials_all, rounded to 3 decimals.","paper_1_transfer/scripts/00c_extract_erp_retention.R"
"paper_1_transfer","_participant_matrix.csv","participant_lab_ID","Integer lab ID from the participant key. One row per participant in the key.","paper_1_transfer/scripts/00b_audit_participant_flow.R"
"paper_1_transfer","_participant_matrix.csv","participant_home_ID","Home (online-battery) ID string from the participant key.","paper_1_transfer/scripts/00b_audit_participant_flow.R"
"paper_1_transfer","_participant_matrix.csv","language_recorded","Mini-language recorded in the participant key: 'Mini-English' or 'Mini-Norwegian'.","paper_1_transfer/scripts/00b_audit_participant_flow.R"
"paper_1_transfer","_participant_matrix.csv","attended_S1","TRUE when the Session-1 date cell in the participant key is filled.","paper_1_transfer/scripts/00b_audit_participant_flow.R"
"paper_1_transfer","_participant_matrix.csv","attended_S2","TRUE when the Session-2 date cell in the participant key is filled.","paper_1_transfer/scripts/00b_audit_participant_flow.R"
"paper_1_transfer","_participant_matrix.csv","attended_S3","TRUE when the Session-3 date cell in the participant key is filled.","paper_1_transfer/scripts/00b_audit_participant_flow.R"
"paper_1_transfer","_participant_matrix.csv","attended_S4","TRUE when the Session-4 date cell in the participant key is filled.","paper_1_transfer/scripts/00b_audit_participant_flow.R"
"paper_1_transfer","_participant_matrix.csv","attended_S5","TRUE when the Session-5 date cell in the participant key is filled.","paper_1_transfer/scripts/00b_audit_participant_flow.R"
"paper_1_transfer","_participant_matrix.csv","attended_S6","TRUE when the Session-6 date cell in the participant key is filled.","paper_1_transfer/scripts/00b_audit_participant_flow.R"
"paper_1_transfer","_participant_matrix.csv","usable_accuracy","TRUE when the participant appears in any accuracy_<property>.rds (Paper 1 judgement data).","paper_1_transfer/scripts/00b_audit_participant_flow.R"
"paper_1_transfer","_participant_matrix.csv","usable_erp","TRUE when the participant appears in EEG_trial_count_per_condition.csv, in any grammaticality category.","paper_1_transfer/scripts/00b_audit_participant_flow.R"
"paper_1_transfer","_participant_matrix.csv","battery_baseline","TRUE when at least one Session-1 cognitive index is present.","paper_1_transfer/scripts/00b_audit_participant_flow.R"
"paper_1_transfer","_participant_matrix.csv","trajectory","TRUE when the participant appears in learning_trajectory.rds.","paper_1_transfer/scripts/00b_audit_participant_flow.R"
"paper_1_transfer","_participant_matrix.csv","joint_predictor","TRUE when both battery_baseline and trajectory hold.","paper_1_transfer/scripts/00b_audit_participant_flow.R"
"paper_1_transfer","_participant_matrix.csv","usable_rseeg","TRUE when joint_predictor holds and the eyes-closed resting-state record carries every band power and the IAF.","paper_1_transfer/scripts/00b_audit_participant_flow.R"
"paper_1_transfer","_participants.csv","metric","Name of the demographic quantity: n_enrolled, n_mini_english, n_mini_norwegian, n_lhq3, age_years, sex_female, sex_male, sex_nonbinary, sex_undisclosed, hand_right, hand_left, hand_reported_n, eng_aoa_listen, eng_aoa_4mod, eng_years, eng_l2_proficiency, multilingual_diversity, n_other_language. One row per metric, computed over the analysed participants with an LHQ3 record unless the note says otherwise.","paper_1_transfer/scripts/00_extract_participants.R"
"paper_1_transfer","_participants.csv","value","A count for the n_*, sex_* and hand_* rows; the mean over participants with a value for the continuous rows (years for age_years, eng_aoa_listen, eng_aoa_4mod and eng_years; a 0 to 1 self-rating for eng_l2_proficiency; the LHQ3 score for multilingual_diversity).","paper_1_transfer/scripts/00_extract_participants.R"
"paper_1_transfer","_participants.csv","sd","Standard deviation across participants for the continuous rows; NA for counts.","paper_1_transfer/scripts/00_extract_participants.R"
"paper_1_transfer","_participants.csv","n","Denominator: participants with a value (continuous rows) or the reference count of a count row (n_lhq3 for the sex rows, participants with a handedness response for the hand rows); NA where no denominator is stated.","paper_1_transfer/scripts/00_extract_participants.R"
"paper_1_transfer","_participants.csv","vmin","Minimum across participants for the continuous rows; NA for counts.","paper_1_transfer/scripts/00_extract_participants.R"
"paper_1_transfer","_participants.csv","vmax","Maximum across participants for the continuous rows; NA for counts.","paper_1_transfer/scripts/00_extract_participants.R"
"paper_1_transfer","_participants.csv","note","Source and definition of the metric.","paper_1_transfer/scripts/00_extract_participants.R"
"paper_1_transfer","_participants_other_languages.csv","language","A language named in LHQ3 item 7 beyond Norwegian and English, with any parenthetical qualifier dropped and in title case. One row per language, ordered by n_participants.","paper_1_transfer/scripts/00_extract_participants.R"
"paper_1_transfer","_participants_other_languages.csv","n_participants","Distinct analysed participants naming that language.","paper_1_transfer/scripts/00_extract_participants.R"
"paper_1_transfer","_pooled_convergence.csv","model","Model id taken from the artefact file name: 'erp_<property>_<window>_<macroregion>' for the 18 ERP cells and 'accuracy_<property>' for the judgement models, with the suffix tags '_weakprior' (weakly informative priors), '_itemslope' (maximal by-item structure) and '_retfree' (explicit Session-6 offset) where fitted. One row per fitted model.","paper_1_transfer/scripts/05_posterior_summaries_and_contrasts.R"
"paper_1_transfer","_pooled_convergence.csv","max_rhat","Largest rank-normalised split R-hat over every parameter of the fit.","paper_1_transfer/scripts/05_posterior_summaries_and_contrasts.R"
"paper_1_transfer","_pooled_convergence.csv","min_ess_bulk","Smallest bulk effective sample size over every parameter of the fit.","paper_1_transfer/scripts/05_posterior_summaries_and_contrasts.R"
"paper_1_transfer","_pooled_convergence.csv","min_ess_tail","Smallest tail effective sample size over every parameter of the fit.","paper_1_transfer/scripts/05_posterior_summaries_and_contrasts.R"
"paper_1_transfer","_pooled_convergence.csv","n_divergent","Divergent transitions after warm-up, summed over chains.","paper_1_transfer/scripts/05_posterior_summaries_and_contrasts.R"
"paper_1_transfer","_pooled_convergence.csv","n_treedepth","Iterations that saturated max_treedepth; NA under the cmdstanr backend, where the ceiling cannot be read from the fit object.","paper_1_transfer/scripts/05_posterior_summaries_and_contrasts.R"
"paper_1_transfer","_pooled_convergence.csv","passed","TRUE when max_rhat < 1.01, min_ess_bulk > 400, min_ess_tail > 400 and n_divergent == 0.","paper_1_transfer/scripts/05_posterior_summaries_and_contrasts.R"
"paper_1_transfer","_pooled_convergence.csv","structure","Random-effect structure read from the file name: 'maximal' when the by-item term carries a grammaticality slope (the '_itemslope' tag), otherwise 'base'.","paper_1_transfer/scripts/05_posterior_summaries_and_contrasts.R"
"paper_1_transfer","_pooled_convergence.csv","prior_variant","'weak' for a '_weakprior' fit, otherwise 'informative'.","paper_1_transfer/scripts/05_posterior_summaries_and_contrasts.R"
"paper_1_transfer","_pooled_convergence.csv","retention_free","TRUE for a '_retfree' fit, in which an indicator for the last sampled session is added to the linear session trend.","paper_1_transfer/scripts/05_posterior_summaries_and_contrasts.R"
"paper_1_transfer","_pooled_fit_metadata.csv","model","Model id recorded at fit time: the ERP cell id or 'accuracy_<property>', carrying the '_keepmisfiltered' or '_diversity' data-variant tag when one was set, but not the prior or structure tag. One row per fitted model.","paper_1_transfer/scripts/05_posterior_summaries_and_contrasts.R"
"paper_1_transfer","_pooled_fit_metadata.csv","n_obs","Rows of the data frame passed to brms after listwise deletion: single trials for an ERP cell, judgement trials for an accuracy model.","paper_1_transfer/scripts/05_posterior_summaries_and_contrasts.R"
"paper_1_transfer","_pooled_fit_metadata.csv","n_participants","Distinct participants in that data frame.","paper_1_transfer/scripts/05_posterior_summaries_and_contrasts.R"
"paper_1_transfer","_pooled_fit_metadata.csv","exclusion_applicable","TRUE for ERP fits, where the 1 Hz mis-filter exclusion bears on the data; FALSE for accuracy fits, whose behavioural judgements are unaffected by the EEG filter.","paper_1_transfer/scripts/05_posterior_summaries_and_contrasts.R"
"paper_1_transfer","_pooled_fit_metadata.csv","misfiltered_rows","Rows of the fitted data belonging to the four mis-filtered Session-3 datasets; NA when the exclusion is not applicable.","paper_1_transfer/scripts/05_posterior_summaries_and_contrasts.R"
"paper_1_transfer","_pooled_fit_metadata.csv","exclusion_applied","TRUE when the exclusion is not applicable or misfiltered_rows is 0.","paper_1_transfer/scripts/05_posterior_summaries_and_contrasts.R"
"paper_1_transfer","_pooled_fit_metadata.csv","keep_misfiltered","Whether LES_P1_KEEP_MISFILTERED=1 was set for the fit.","paper_1_transfer/scripts/05_posterior_summaries_and_contrasts.R"
"paper_1_transfer","_pooled_fit_metadata.csv","prior_set","Value of LES_PRIOR_SET at fit time: 'informative' (the default) or 'weak'.","paper_1_transfer/scripts/05_posterior_summaries_and_contrasts.R"
"paper_1_transfer","_pooled_fit_metadata.csv","structure","'base' or 'maximal', recomputed from the artefact file name when the records are pooled.","paper_1_transfer/scripts/05_posterior_summaries_and_contrasts.R"
"paper_1_transfer","_pooled_fit_metadata.csv","r_version","R version loaded by the fitting process.","paper_1_transfer/scripts/05_posterior_summaries_and_contrasts.R"
"paper_1_transfer","_pooled_fit_metadata.csv","brms_version","brms version loaded by the fitting process.","paper_1_transfer/scripts/05_posterior_summaries_and_contrasts.R"
"paper_1_transfer","_pooled_fit_metadata.csv","cmdstanr_version","cmdstanr version loaded by the fitting process.","paper_1_transfer/scripts/05_posterior_summaries_and_contrasts.R"
"paper_1_transfer","_pooled_fit_metadata.csv","cmdstan_version","CmdStan version used by the fitting process.","paper_1_transfer/scripts/05_posterior_summaries_and_contrasts.R"
"paper_1_transfer","_pooled_fit_metadata.csv","fitted_utc","UTC timestamp at which the fit record was written.","paper_1_transfer/scripts/05_posterior_summaries_and_contrasts.R"
"paper_1_transfer","_pooled_fit_metadata.csv","prior_variant","'weak' or 'informative', recomputed from the artefact file name when the records are pooled.","paper_1_transfer/scripts/05_posterior_summaries_and_contrasts.R"
"paper_1_transfer","_pooled_fit_metadata.csv","retention_free","TRUE for a '_retfree' fit, recomputed from the artefact file name.","paper_1_transfer/scripts/05_posterior_summaries_and_contrasts.R"
"paper_1_transfer","_pooled_fit_metadata.csv","model_tag","Full artefact name without the '_fitmeta.rds' suffix, so every prior, structure and data-variant tag is visible.","paper_1_transfer/scripts/05_posterior_summaries_and_contrasts.R"
"paper_1_transfer","_pooled_posterior_summaries.csv","parameter","brms population-level term with the 'b_' prefix removed, for example 'Intercept' or 'z_recoded_grammaticality:z_recoded_session'. The recoded predictors are sum-coded contrasts standardised within the modelled cell: grammaticality Grammatical = +0.5 and Ungrammatical = -0.5; mini-language Mini-Norwegian = +0.5 and Mini-English = -0.5; session 0, 1, 2, 3 for Sessions 2, 3, 4, 6; hemisphere and caudality likewise. z_baseline_predictor is the trial's own standardised pre-stimulus mean, z_multilingual_language_diversity the standardised LHQ3 covariate, and z_retention is +0.5 at the last sampled session and -0.5 elsewhere. One row per parameter per model.","paper_1_transfer/scripts/05_posterior_summaries_and_contrasts.R"
"paper_1_transfer","_pooled_posterior_summaries.csv","median","Posterior median. ERP models: change in within-participant standardised amplitude (SD units) per unit of the standardised predictor. Accuracy models: change on the logit scale.","paper_1_transfer/scripts/05_posterior_summaries_and_contrasts.R"
"paper_1_transfer","_pooled_posterior_summaries.csv","ci_low","2.5th percentile of the posterior (lower bound of the equal-tailed 95% credible interval).","paper_1_transfer/scripts/05_posterior_summaries_and_contrasts.R"
"paper_1_transfer","_pooled_posterior_summaries.csv","ci_high","97.5th percentile of the posterior (upper bound of the equal-tailed 95% credible interval).","paper_1_transfer/scripts/05_posterior_summaries_and_contrasts.R"
"paper_1_transfer","_pooled_posterior_summaries.csv","pd","Probability of direction: the larger of the posterior mass above zero and below zero.","paper_1_transfer/scripts/05_posterior_summaries_and_contrasts.R"
"paper_1_transfer","_pooled_posterior_summaries.csv","model","Model id from the artefact file name, with the '_weakprior', '_itemslope' and '_retfree' tags where fitted.","paper_1_transfer/scripts/05_posterior_summaries_and_contrasts.R"
"paper_1_transfer","_prior_sensitivity.csv","parameter","brms population-level term with the 'b_' prefix removed (see _pooled_posterior_summaries.csv). One row per parameter per informative/weak model pair, ordered by absolute median_shift within a pair.","paper_1_transfer/scripts/05_posterior_summaries_and_contrasts.R"
"paper_1_transfer","_prior_sensitivity.csv","median_inf","Posterior median under the informative priors.","paper_1_transfer/scripts/05_posterior_summaries_and_contrasts.R"
"paper_1_transfer","_prior_sensitivity.csv","ci_low_inf","2.5th percentile of the posterior under the informative priors.","paper_1_transfer/scripts/05_posterior_summaries_and_contrasts.R"
"paper_1_transfer","_prior_sensitivity.csv","ci_high_inf","97.5th percentile of the posterior under the informative priors.","paper_1_transfer/scripts/05_posterior_summaries_and_contrasts.R"
"paper_1_transfer","_prior_sensitivity.csv","pd_inf","Probability of direction under the informative priors.","paper_1_transfer/scripts/05_posterior_summaries_and_contrasts.R"
"paper_1_transfer","_prior_sensitivity.csv","median_weak","Posterior median under the weakly informative priors (the '_weakprior' fit on the same data).","paper_1_transfer/scripts/05_posterior_summaries_and_contrasts.R"
"paper_1_transfer","_prior_sensitivity.csv","ci_low_weak","2.5th percentile of the posterior under the weakly informative priors.","paper_1_transfer/scripts/05_posterior_summaries_and_contrasts.R"
"paper_1_transfer","_prior_sensitivity.csv","ci_high_weak","97.5th percentile of the posterior under the weakly informative priors.","paper_1_transfer/scripts/05_posterior_summaries_and_contrasts.R"
"paper_1_transfer","_prior_sensitivity.csv","pd_weak","Probability of direction under the weakly informative priors.","paper_1_transfer/scripts/05_posterior_summaries_and_contrasts.R"
"paper_1_transfer","_prior_sensitivity.csv","median_shift","median_inf minus median_weak, in the model's response units (SD units for ERP cells, logit for accuracy models).","paper_1_transfer/scripts/05_posterior_summaries_and_contrasts.R"
"paper_1_transfer","_prior_sensitivity.csv","ci_width_inf","ci_high_inf minus ci_low_inf.","paper_1_transfer/scripts/05_posterior_summaries_and_contrasts.R"
"paper_1_transfer","_prior_sensitivity.csv","ci_width_weak","ci_high_weak minus ci_low_weak.","paper_1_transfer/scripts/05_posterior_summaries_and_contrasts.R"
"paper_1_transfer","_prior_sensitivity.csv","model","Id of the informative fit: the cell or accuracy id, with '_itemslope' for the maximal structure.","paper_1_transfer/scripts/05_posterior_summaries_and_contrasts.R"
"paper_1_transfer","_prior_sensitivity.csv","structure","'base' or 'maximal'.","paper_1_transfer/scripts/05_posterior_summaries_and_contrasts.R"
"paper_1_transfer","_provenance.csv","component","What the row records: 'R', 'platform', an R package name (brms, cmdstanr, rstan, StanHeaders, posterior, loo, projpred, bayesplot, mgcv, MASS, dplyr), 'CmdStan', or 'seed:<name>' for a seed constant in force. One row per component.","_shared/R/04_provenance.R (called by paper_1_transfer/scripts/03_fit_brms_erp.R)"
"paper_1_transfer","_provenance.csv","version","Version string as loaded by the run that fitted the ERP models, or the seed value.","_shared/R/04_provenance.R (called by paper_1_transfer/scripts/03_fit_brms_erp.R)"
"paper_1_transfer","_provenance.csv","recorded_utc","UTC time of the write; the same on every row.","_shared/R/04_provenance.R (called by paper_1_transfer/scripts/03_fit_brms_erp.R)"
"paper_1_transfer","_retention_contrasts.csv","model","Fitted model id with its tags. One row per model x contrast.","paper_1_transfer/scripts/05_posterior_summaries_and_contrasts.R"
"paper_1_transfer","_retention_contrasts.csv","contrast","'overall' (at the standardised language mean), 'within_Mini-Norwegian', 'within_Mini-English' or 'language_difference' (Mini-Norwegian minus Mini-English).","paper_1_transfer/scripts/05_posterior_summaries_and_contrasts.R"
"paper_1_transfer","_retention_contrasts.csv","median","Posterior median of the change in the grammaticality effect from Session 4 to Session 6. For the default fits it is (z6 - z4) * (b_gram:session + b_gram:session:lang * l), the fitted linear trend evaluated over the retention step; for '_retfree' fits it is the z_retention offset. Units follow the model: SD units for ERP cells, logit for accuracy models.","paper_1_transfer/scripts/05_posterior_summaries_and_contrasts.R"
"paper_1_transfer","_retention_contrasts.csv","ci_low","2.5th percentile of the posterior (lower bound of the equal-tailed 95% credible interval).","paper_1_transfer/scripts/05_posterior_summaries_and_contrasts.R"
"paper_1_transfer","_retention_contrasts.csv","ci_high","97.5th percentile of the posterior (upper bound of the equal-tailed 95% credible interval).","paper_1_transfer/scripts/05_posterior_summaries_and_contrasts.R"
"paper_1_transfer","_retention_contrasts.csv","pd","Probability of direction: the larger of the posterior mass above zero and below zero.","paper_1_transfer/scripts/05_posterior_summaries_and_contrasts.R"
"paper_1_transfer","_sample_flow.csv","stage","Participant-flow stage key: 'enrolled', 'attended_S1' to 'attended_S6', 'usable_accuracy', 'battery_baseline', 'trajectory', 'joint_predictor', 'usable_erp' or 'usable_rseeg'. One row per stage.","paper_1_transfer/scripts/00_extract_participants.R"
"paper_1_transfer","_sample_flow.csv","order","Display order of the stage in the flow figure.","paper_1_transfer/scripts/00_extract_participants.R"
"paper_1_transfer","_sample_flow.csv","label","Stage label printed in the flow figure.","paper_1_transfer/scripts/00_extract_participants.R"
"paper_1_transfer","_sample_flow.csv","n_total","Participants at that stage; NA when the source object is absent.","paper_1_transfer/scripts/00_extract_participants.R"
"paper_1_transfer","_sample_flow.csv","n_mini_english","Participants at that stage assigned Mini-English; NA where the stage is not split by language.","paper_1_transfer/scripts/00_extract_participants.R"
"paper_1_transfer","_sample_flow.csv","n_mini_norwegian","Participants at that stage assigned Mini-Norwegian; NA where the stage is not split by language.","paper_1_transfer/scripts/00_extract_participants.R"
"paper_1_transfer","_sample_flow.csv","source","The file or rule the count derives from.","paper_1_transfer/scripts/00_extract_participants.R"
"paper_1_transfer","_training_gate_flow.csv","session","ERP session (2, 3, 4 or 6). One row per session.","paper_1_transfer/scripts/00d_extract_training_gate_flow.R"
"paper_1_transfer","_training_gate_flow.csv","grammatical_property","Always 'ALL': the comprehension gate was applied per session and cannot be resolved per property.","paper_1_transfer/scripts/00d_extract_training_gate_flow.R"
"paper_1_transfer","_training_gate_flow.csv","n_attempted","Subjects with an interpretable gate outcome (n_passed_attempt1 + n_passed_attempt2 + n_failed_gate). At Session 6, which had no gate, subjects with scored judgements.","paper_1_transfer/scripts/00d_extract_training_gate_flow.R"
"paper_1_transfer","_training_gate_flow.csv","n_passed_attempt1","Subjects who passed the >80% post-training comprehension test on the first attempt.","paper_1_transfer/scripts/00d_extract_training_gate_flow.R"
"paper_1_transfer","_training_gate_flow.csv","n_passed_attempt2","Subjects who failed the first attempt and passed the second.","paper_1_transfer/scripts/00d_extract_training_gate_flow.R"
"paper_1_transfer","_training_gate_flow.csv","n_failed_gate","Subjects who failed both attempts.","paper_1_transfer/scripts/00d_extract_training_gate_flow.R"
"paper_1_transfer","_training_gate_flow.csv","note","Session-specific statement of how the counts were reconstructed and what they exclude.","paper_1_transfer/scripts/00d_extract_training_gate_flow.R"
"paper_1_transfer","*_decoding_timecourse.csv","time_ms","Nominal centre of the decoding time bin in milliseconds from critical-word onset; 4 ms bins over the -100 to 1098 ms epoch by default. One row per bin per analysis block.","paper_1_transfer/scripts/09_run_decoding.R (09b_assemble_confirmatory_timecourse.R when assembled from checkpoints)"
"paper_1_transfer","*_decoding_timecourse.csv","auc","Observed area under the ROC curve for Grammatical against Ungrammatical at that bin, averaged over leave-one-participant-out folds; Ungrammatical is the positive class and 0.5 is chance.","paper_1_transfer/scripts/09_run_decoding.R (09b_assemble_confirmatory_timecourse.R when assembled from checkpoints)"
"paper_1_transfer","*_decoding_timecourse.csv","null_mean","Mean AUC over the within-participant label permutations at that bin.","paper_1_transfer/scripts/09_run_decoding.R (09b_assemble_confirmatory_timecourse.R when assembled from checkpoints)"
"paper_1_transfer","*_decoding_timecourse.csv","null_q975","97.5th percentile of that bin's permutation null; descriptive only, not the cluster-forming threshold.","paper_1_transfer/scripts/09_run_decoding.R (09b_assemble_confirmatory_timecourse.R when assembled from checkpoints)"
"paper_1_transfer","*_decoding_timecourse.csv","p_pointwise","Exact permutation p-value for the bin, (b + 1) / (m + 1), with b the permutations at or above the observed AUC and m the permutation count.","paper_1_transfer/scripts/09_run_decoding.R (09b_assemble_confirmatory_timecourse.R when assembled from checkpoints)"
"paper_1_transfer","*_decoding_timecourse.csv","cluster_id","Index of the contiguous supra-threshold cluster the bin belongs to, restarting at 1 in every block; NA outside clusters.","paper_1_transfer/scripts/09_run_decoding.R (09b_assemble_confirmatory_timecourse.R when assembled from checkpoints)"
"paper_1_transfer","*_decoding_timecourse.csv","cluster_p","Cluster-level p-value of that cluster against the maximum-cluster-mass permutation null, repeated on every bin of the cluster; NA outside clusters.","paper_1_transfer/scripts/09_run_decoding.R (09b_assemble_confirmatory_timecourse.R when assembled from checkpoints)"
"paper_1_transfer","*_decoding_timecourse.csv","significant","TRUE when cluster_p < 0.05; the family-wise error rate is controlled over time within the block.","paper_1_transfer/scripts/09_run_decoding.R (09b_assemble_confirmatory_timecourse.R when assembled from checkpoints)"
"paper_1_transfer","*_decoding_timecourse.csv","cluster_threshold","Cluster-forming threshold for the block: the 95th percentile of the pooled permutation null AUC.","paper_1_transfer/scripts/09_run_decoding.R (09b_assemble_confirmatory_timecourse.R when assembled from checkpoints)"
"paper_1_transfer","*_decoding_timecourse.csv","n_perm","Number of label permutations the block was computed with.","paper_1_transfer/scripts/09_run_decoding.R (09b_assemble_confirmatory_timecourse.R when assembled from checkpoints)"
"paper_1_transfer","*_decoding_timecourse.csv","n_trials","Trials entering the block after dropping trials with any incomplete channel-time pattern.","paper_1_transfer/scripts/09_run_decoding.R (09b_assemble_confirmatory_timecourse.R when assembled from checkpoints)"
"paper_1_transfer","*_decoding_timecourse.csv","n_participants","Distinct participants in the block.","paper_1_transfer/scripts/09_run_decoding.R (09b_assemble_confirmatory_timecourse.R when assembled from checkpoints)"
"paper_1_transfer","*_decoding_timecourse.csv","property","snake_case property key; the file name carries the same value.","paper_1_transfer/scripts/09_run_decoding.R (09b_assemble_confirmatory_timecourse.R when assembled from checkpoints)"
"paper_1_transfer","*_decoding_timecourse.csv","analysis","'overall' (every session pooled), 'by_session' or 'by_session_language'.","paper_1_transfer/scripts/09_run_decoding.R (09b_assemble_confirmatory_timecourse.R when assembled from checkpoints)"
"paper_1_transfer","*_decoding_timecourse.csv","level","Block label: 'all', 'session_<s>' or 'session_<s>_<mini-language>'.","paper_1_transfer/scripts/09_run_decoding.R (09b_assemble_confirmatory_timecourse.R when assembled from checkpoints)"
"paper_1_transfer","*_decoding_timecourse.csv","session","Session of the block; NA for the overall block.","paper_1_transfer/scripts/09_run_decoding.R (09b_assemble_confirmatory_timecourse.R when assembled from checkpoints)"
"paper_1_transfer","*_decoding_timecourse.csv","mini_language","Mini-language of the block; NA unless analysis is 'by_session_language'.","paper_1_transfer/scripts/09_run_decoding.R (09b_assemble_confirmatory_timecourse.R when assembled from checkpoints)"
"paper_1_transfer","*_decoding_timecourse.csv","cluster_p_fdr","Benjamini-Hochberg adjusted cluster_p across the confirmatory clusters, which are those of the overall block; NA on exploratory rows and outside clusters.","paper_1_transfer/scripts/09_run_decoding.R (09b_assemble_confirmatory_timecourse.R when assembled from checkpoints)"
"paper_1_transfer","*_decoding_timecourse.csv","significant_fdr","TRUE when cluster_p_fdr < 0.05.","paper_1_transfer/scripts/09_run_decoding.R (09b_assemble_confirmatory_timecourse.R when assembled from checkpoints)"
"paper_1_transfer","*_decoding_timecourse.csv","inference","'confirmatory' for the overall block, 'exploratory' for the session-resolved breakdowns.","paper_1_transfer/scripts/09_run_decoding.R (09b_assemble_confirmatory_timecourse.R when assembled from checkpoints)"
"paper_1_transfer","*_decoding_generalization.csv","property","snake_case key of the property decoded; the file name carries the same value. One row per train/test direction per time bin.","paper_1_transfer/scripts/09_run_decoding.R"
"paper_1_transfer","*_decoding_generalization.csv","generalization","'cross_language'.","paper_1_transfer/scripts/09_run_decoding.R"
"paper_1_transfer","*_decoding_generalization.csv","train_set","Mini-language whose trials trained the decoder.","paper_1_transfer/scripts/09_run_decoding.R"
"paper_1_transfer","*_decoding_generalization.csv","test_set","Mini-language whose trials were scored; its participants are disjoint from the training participants.","paper_1_transfer/scripts/09_run_decoding.R"
"paper_1_transfer","*_decoding_generalization.csv","time_ms","Nominal centre of the time bin in milliseconds from critical-word onset.","paper_1_transfer/scripts/09_run_decoding.R"
"paper_1_transfer","*_decoding_generalization.csv","auc","AUC of a decoder trained on every train_set trial (class-balanced within participant) and scored on every test_set trial at that bin; NA when either set lacks both classes.","paper_1_transfer/scripts/09_run_decoding.R"
"paper_1_transfer","*_decoding_generalization_crossproperty.csv","property","snake_case key of the property the decoder was trained on; the file name carries the same value. One row per test property per time bin.","paper_1_transfer/scripts/09_run_decoding.R"
"paper_1_transfer","*_decoding_generalization_crossproperty.csv","generalization","'cross_property'.","paper_1_transfer/scripts/09_run_decoding.R"
"paper_1_transfer","*_decoding_generalization_crossproperty.csv","train_set","Property whose trials trained the decoder.","paper_1_transfer/scripts/09_run_decoding.R"
"paper_1_transfer","*_decoding_generalization_crossproperty.csv","test_set","Property whose trials were scored.","paper_1_transfer/scripts/09_run_decoding.R"
"paper_1_transfer","*_decoding_generalization_crossproperty.csv","time_ms","Nominal centre of the bin on the time axis common to the two properties' tensors, in milliseconds from critical-word onset.","paper_1_transfer/scripts/09_run_decoding.R"
"paper_1_transfer","*_decoding_generalization_crossproperty.csv","auc","AUC of a decoder trained on every trial of train_set and scored on every trial of test_set at that bin. The same participants contribute to both sets, so the value is descriptive only.","paper_1_transfer/scripts/09_run_decoding.R"
"paper_1_transfer","*_decoding_temporal_generalization.csv","train_time_ms","Bin at which the decoder was trained, in milliseconds from critical-word onset, on a grid coarsened to every second bin (8 ms by default). One row per train x test bin pair.","paper_1_transfer/scripts/09_run_decoding.R"
"paper_1_transfer","*_decoding_temporal_generalization.csv","test_time_ms","Bin at which the decoder was scored, on the same coarsened grid.","paper_1_transfer/scripts/09_run_decoding.R"
"paper_1_transfer","*_decoding_temporal_generalization.csv","auc","Mean AUC over leave-one-participant-out folds of a decoder trained at train_time_ms and scored at test_time_ms; NA where no fold was scorable.","paper_1_transfer/scripts/09_run_decoding.R"
"paper_1_transfer","*_decoding_temporal_generalization.csv","n_folds","Number of held-out participants contributing to the mean.","paper_1_transfer/scripts/09_run_decoding.R"
"paper_1_transfer","*_decoding_temporal_generalization.csv","property","snake_case property key; the file name carries the same value.","paper_1_transfer/scripts/09_run_decoding.R"
"paper_2_plasticity","_accuracy_trajectory_descriptives.csv","level","Aggregation level of the row: 'group_cell' (session x property x mini-language), 'participant_cell' (participant x session x property x mini-language) or 'participant' (participant x session, properties pooled).","paper_2_plasticity/scripts/10_extract_descriptives.R"
"paper_2_plasticity","_accuracy_trajectory_descriptives.csv","session","ERP session (2, 3, 4 or 6).","paper_2_plasticity/scripts/10_extract_descriptives.R"
"paper_2_plasticity","_accuracy_trajectory_descriptives.csv","grammatical_property","snake_case property key; NA on 'participant' rows.","paper_2_plasticity/scripts/10_extract_descriptives.R"
"paper_2_plasticity","_accuracy_trajectory_descriptives.csv","mini_language","'Mini-English' or 'Mini-Norwegian'.","paper_2_plasticity/scripts/10_extract_descriptives.R"
"paper_2_plasticity","_accuracy_trajectory_descriptives.csv","participant_lab_ID","Lab ID; NA on 'group_cell' rows.","paper_2_plasticity/scripts/10_extract_descriptives.R"
"paper_2_plasticity","_accuracy_trajectory_descriptives.csv","n","Scored judgement trials in the cell; on 'group_cell' rows the sum over participants.","paper_2_plasticity/scripts/10_extract_descriptives.R"
"paper_2_plasticity","_accuracy_trajectory_descriptives.csv","mean_accuracy","Proportion of correct judgements; on 'group_cell' rows the mean of the participant means.","paper_2_plasticity/scripts/10_extract_descriptives.R"
"paper_2_plasticity","_accuracy_trajectory_descriptives.csv","se","Standard error: on 'group_cell' rows the SD of the participant means divided by the square root of the number of participants; on participant rows the binomial sqrt(p (1 - p) / n).","paper_2_plasticity/scripts/10_extract_descriptives.R"
"paper_2_plasticity","_aperiodic_kfold_compare.csv","stratum","'pooled' (the three properties) or 'gender' (gender agreement only). One row per stratum.","paper_2_plasticity/scripts/09c_compare_aperiodic_grouped.R"
"paper_2_plasticity","_aperiodic_kfold_compare.csv","raw_model","Id of the raw band-power model refitted on the common sample ('<id>_commonsample').","paper_2_plasticity/scripts/09c_compare_aperiodic_grouped.R"
"paper_2_plasticity","_aperiodic_kfold_compare.csv","aperiodic_model","Id of the specparam (aperiodic) model.","paper_2_plasticity/scripts/09c_compare_aperiodic_grouped.R"
"paper_2_plasticity","_aperiodic_kfold_compare.csv","criterion","'participant-grouped K-fold'.","paper_2_plasticity/scripts/09c_compare_aperiodic_grouped.R"
"paper_2_plasticity","_aperiodic_kfold_compare.csv","k","Number of participant folds.","paper_2_plasticity/scripts/09c_compare_aperiodic_grouped.R"
"paper_2_plasticity","_aperiodic_kfold_compare.csv","n_obs","Judgement trials in the common sample.","paper_2_plasticity/scripts/09c_compare_aperiodic_grouped.R"
"paper_2_plasticity","_aperiodic_kfold_compare.csv","n_participants","Participants in the common sample.","paper_2_plasticity/scripts/09c_compare_aperiodic_grouped.R"
"paper_2_plasticity","_aperiodic_kfold_compare.csv","elpd_diff_aperiodic_minus_raw","Difference in K-fold expected log pointwise predictive density, aperiodic minus raw, summed over trials; positive favours the aperiodic model.","paper_2_plasticity/scripts/09c_compare_aperiodic_grouped.R"
"paper_2_plasticity","_aperiodic_kfold_compare.csv","se_diff","Participant-clustered standard error of the difference: the square root of n_participants times the SD of the per-participant sums of the pointwise differences.","paper_2_plasticity/scripts/09c_compare_aperiodic_grouped.R"
"paper_2_plasticity","_aperiodic_kfold_compare.csv","se_naive_independent","Standard error from loo::loo_compare, which treats trials as independent.","paper_2_plasticity/scripts/09c_compare_aperiodic_grouped.R"
"paper_2_plasticity","_aperiodic_kfold_compare.csv","se_inflation_from_clustering","se_diff divided by se_naive_independent.","paper_2_plasticity/scripts/09c_compare_aperiodic_grouped.R"
"paper_2_plasticity","_aperiodic_kfold_compare.csv","preferred_model","'aperiodic' or 'raw' when |elpd_diff| exceeds twice se_diff, otherwise 'neither clearly preferred (|elpd_diff| <= 2*clustered SE)'.","paper_2_plasticity/scripts/09c_compare_aperiodic_grouped.R"
"paper_2_plasticity","_aperiodic_loo_compare.csv","stratum","'pooled' (the three properties) or 'gender' (gender agreement only). One row per stratum.","paper_2_plasticity/scripts/09b_compare_aperiodic_commonsample.R"
"paper_2_plasticity","_aperiodic_loo_compare.csv","raw_model","Id of the raw band-power reference model; the comparison uses its refit on the common sample, cached as '<id>_commonsample'.","paper_2_plasticity/scripts/09b_compare_aperiodic_commonsample.R"
"paper_2_plasticity","_aperiodic_loo_compare.csv","aperiodic_model","Id of the specparam (aperiodic) model.","paper_2_plasticity/scripts/09b_compare_aperiodic_commonsample.R"
"paper_2_plasticity","_aperiodic_loo_compare.csv","n_obs","Judgement trials in the common sample.","paper_2_plasticity/scripts/09b_compare_aperiodic_commonsample.R"
"paper_2_plasticity","_aperiodic_loo_compare.csv","n_participants","Participants in the common sample.","paper_2_plasticity/scripts/09b_compare_aperiodic_commonsample.R"
"paper_2_plasticity","_aperiodic_loo_compare.csv","elpd_diff_aperiodic_minus_raw","Difference in PSIS-LOO expected log pointwise predictive density, aperiodic minus raw, on identical observations; positive favours the aperiodic model.","paper_2_plasticity/scripts/09b_compare_aperiodic_commonsample.R"
"paper_2_plasticity","_aperiodic_loo_compare.csv","se_diff","Standard error of the difference from loo::loo_compare.","paper_2_plasticity/scripts/09b_compare_aperiodic_commonsample.R"
"paper_2_plasticity","_aperiodic_loo_compare.csv","preferred_model","'aperiodic' or 'raw' when |elpd_diff| exceeds twice se_diff, otherwise 'neither clearly preferred (|elpd_diff| <= 2*SE)'.","paper_2_plasticity/scripts/09b_compare_aperiodic_commonsample.R"
"paper_2_plasticity","_attainment.csv","model","Raw band-power Part A model: 'p2_predictive_trajectory' or 'p2_predictive_trajectory_gender'. One row per model.","paper_2_plasticity/scripts/06_summaries.R"
"paper_2_plasticity","_attainment.csv","quantity","'end_training_attainment_accuracy'.","paper_2_plasticity/scripts/06_summaries.R"
"paper_2_plasticity","_attainment.csv","median","Posterior median of the population-level expected judgement accuracy (proportion correct) at the maximum z_session_time, with every predictor at 0 (its mean) and averaged over properties.","paper_2_plasticity/scripts/06_summaries.R"
"paper_2_plasticity","_attainment.csv","ci_low","2.5th percentile of that posterior (lower bound of the equal-tailed 95% credible interval).","paper_2_plasticity/scripts/06_summaries.R"
"paper_2_plasticity","_attainment.csv","ci_high","97.5th percentile of that posterior (upper bound of the equal-tailed 95% credible interval).","paper_2_plasticity/scripts/06_summaries.R"
"paper_2_plasticity","_cognitive_descriptives.csv","session","1 (baseline) or 5 (post-training). One row per session x index.","paper_2_plasticity/scripts/10_extract_descriptives.R"
"paper_2_plasticity","_cognitive_descriptives.csv","index","'digit_span' (number of correct forward and backward trials), 'stroop_interference' (mean incongruent minus congruent response time, in milliseconds) or 'asrt_learning' (mean low- minus high-probability triplet response time, in milliseconds).","paper_2_plasticity/scripts/10_extract_descriptives.R"
"paper_2_plasticity","_cognitive_descriptives.csv","n","Participants with a value.","paper_2_plasticity/scripts/10_extract_descriptives.R"
"paper_2_plasticity","_cognitive_descriptives.csv","mean","Mean over those participants.","paper_2_plasticity/scripts/10_extract_descriptives.R"
"paper_2_plasticity","_cognitive_descriptives.csv","sd","Standard deviation over those participants.","paper_2_plasticity/scripts/10_extract_descriptives.R"
"paper_2_plasticity","_cognitive_descriptives.csv","median","Median over those participants.","paper_2_plasticity/scripts/10_extract_descriptives.R"
"paper_2_plasticity","_cognitive_descriptives.csv","min","Minimum over those participants.","paper_2_plasticity/scripts/10_extract_descriptives.R"
"paper_2_plasticity","_cognitive_descriptives.csv","max","Maximum over those participants.","paper_2_plasticity/scripts/10_extract_descriptives.R"
"paper_2_plasticity","_flow_inconsistencies.csv","check","Name of the consistency check that fired: 'data_without_attendance:<stage>', 'non_monotonic_attendance', 'language_parity_mismatch', 'duplicate_lab_ID', 'duplicate_home_ID', 'missing_lab_ID', 'enrolled_no_attendance', 'erp_without_accuracy', 'accuracy_without_erp', 'incomplete_predictor_set' or 'flow_total_mismatch'. One row per detected inconsistency. Written to both papers by Paper 1's flow audit.","paper_1_transfer/scripts/00b_audit_participant_flow.R"
"paper_2_plasticity","_flow_inconsistencies.csv","severity","'error', 'warning' or 'info'.","paper_1_transfer/scripts/00b_audit_participant_flow.R"
"paper_2_plasticity","_flow_inconsistencies.csv","participant_lab_ID","Lab ID of the participant concerned; NA for 'flow_total_mismatch', which is a property of a stage.","paper_1_transfer/scripts/00b_audit_participant_flow.R"
"paper_2_plasticity","_flow_inconsistencies.csv","detail","Free-text statement of the inconsistency.","paper_1_transfer/scripts/00b_audit_participant_flow.R"
"paper_2_plasticity","_gamma_attenuation.csv","participant_lab_ID","Lab ID. One row per participant with an eyes-closed resting-state spectrum.","paper_2_plasticity/scripts/12_extract_gamma_attenuation.R"
"paper_2_plasticity","_gamma_attenuation.csv","aperiodic_offset","Offset of the aperiodic fit to the eyes-closed occipito-parietal spectrum over 2 to 40 Hz: the log10 power at 1 Hz in the model log10 P(f) = offset - exponent * log10 f.","paper_2_plasticity/scripts/12_extract_gamma_attenuation.R"
"paper_2_plasticity","_gamma_attenuation.csv","aperiodic_exponent","Exponent of that fit (the slope of log10 power against log10 frequency, sign reversed).","paper_2_plasticity/scripts/12_extract_gamma_attenuation.R"
"paper_2_plasticity","_gamma_attenuation.csv","retained_fraction","Share of the extrapolated 30 to 45 Hz aperiodic power passed by a two-pass (zero-phase) fourth-order Butterworth 30 Hz low-pass, power response [1 + (f / 30)^8]^-2.","paper_2_plasticity/scripts/12_extract_gamma_attenuation.R"
"paper_2_plasticity","_gamma_attenuation.csv","retained_fraction_singlepass","The same share under the single-pass response [1 + (f / 30)^8]^-1, an upper bound on retention.","paper_2_plasticity/scripts/12_extract_gamma_attenuation.R"
"paper_2_plasticity","_gamma_attenuation.csv","observed_over_extrapolated","Observed 30 to 45 Hz power summed over frequency bins divided by the extrapolated aperiodic power over the same bins.","paper_2_plasticity/scripts/12_extract_gamma_attenuation.R"
"paper_2_plasticity","_participant_matrix.csv","participant_lab_ID","Integer lab ID from the participant key. One row per participant in the key. Written to both papers by Paper 1's flow audit.","paper_1_transfer/scripts/00b_audit_participant_flow.R"
"paper_2_plasticity","_participant_matrix.csv","participant_home_ID","Home (online-battery) ID string from the participant key.","paper_1_transfer/scripts/00b_audit_participant_flow.R"
"paper_2_plasticity","_participant_matrix.csv","language_recorded","Mini-language recorded in the participant key: 'Mini-English' or 'Mini-Norwegian'.","paper_1_transfer/scripts/00b_audit_participant_flow.R"
"paper_2_plasticity","_participant_matrix.csv","attended_S1","TRUE when the Session-1 date cell in the participant key is filled.","paper_1_transfer/scripts/00b_audit_participant_flow.R"
"paper_2_plasticity","_participant_matrix.csv","attended_S2","TRUE when the Session-2 date cell in the participant key is filled.","paper_1_transfer/scripts/00b_audit_participant_flow.R"
"paper_2_plasticity","_participant_matrix.csv","attended_S3","TRUE when the Session-3 date cell in the participant key is filled.","paper_1_transfer/scripts/00b_audit_participant_flow.R"
"paper_2_plasticity","_participant_matrix.csv","attended_S4","TRUE when the Session-4 date cell in the participant key is filled.","paper_1_transfer/scripts/00b_audit_participant_flow.R"
"paper_2_plasticity","_participant_matrix.csv","attended_S5","TRUE when the Session-5 date cell in the participant key is filled.","paper_1_transfer/scripts/00b_audit_participant_flow.R"
"paper_2_plasticity","_participant_matrix.csv","attended_S6","TRUE when the Session-6 date cell in the participant key is filled.","paper_1_transfer/scripts/00b_audit_participant_flow.R"
"paper_2_plasticity","_participant_matrix.csv","usable_accuracy","TRUE when the participant appears in any accuracy_<property>.rds (Paper 1 judgement data).","paper_1_transfer/scripts/00b_audit_participant_flow.R"
"paper_2_plasticity","_participant_matrix.csv","usable_erp","TRUE when the participant appears in EEG_trial_count_per_condition.csv, in any grammaticality category.","paper_1_transfer/scripts/00b_audit_participant_flow.R"
"paper_2_plasticity","_participant_matrix.csv","battery_baseline","TRUE when at least one Session-1 cognitive index is present.","paper_1_transfer/scripts/00b_audit_participant_flow.R"
"paper_2_plasticity","_participant_matrix.csv","trajectory","TRUE when the participant appears in learning_trajectory.rds.","paper_1_transfer/scripts/00b_audit_participant_flow.R"
"paper_2_plasticity","_participant_matrix.csv","joint_predictor","TRUE when both battery_baseline and trajectory hold.","paper_1_transfer/scripts/00b_audit_participant_flow.R"
"paper_2_plasticity","_participant_matrix.csv","usable_rseeg","TRUE when joint_predictor holds and the eyes-closed resting-state record carries every band power and the IAF.","paper_1_transfer/scripts/00b_audit_participant_flow.R"
"paper_2_plasticity","_participants.csv","metric","Name of the demographic quantity: n_enrolled, n_mini_english, n_mini_norwegian, n_lhq3, age_years, sex_female, sex_male, sex_nonbinary, sex_undisclosed, hand_right, hand_left, hand_reported_n, eng_aoa_listen, eng_aoa_4mod, eng_years, eng_l2_proficiency, multilingual_diversity, n_other_language. One row per metric, computed over the analysed participants with an LHQ3 record unless the note says otherwise. Written to both papers by Paper 1's participant extractor.","paper_1_transfer/scripts/00_extract_participants.R"
"paper_2_plasticity","_participants.csv","value","A count for the n_*, sex_* and hand_* rows; the mean over participants with a value for the continuous rows (years for age_years, eng_aoa_listen, eng_aoa_4mod and eng_years; a 0 to 1 self-rating for eng_l2_proficiency; the LHQ3 score for multilingual_diversity).","paper_1_transfer/scripts/00_extract_participants.R"
"paper_2_plasticity","_participants.csv","sd","Standard deviation across participants for the continuous rows; NA for counts.","paper_1_transfer/scripts/00_extract_participants.R"
"paper_2_plasticity","_participants.csv","n","Denominator: participants with a value (continuous rows) or the reference count of a count row (n_lhq3 for the sex rows, participants with a handedness response for the hand rows); NA where no denominator is stated.","paper_1_transfer/scripts/00_extract_participants.R"
"paper_2_plasticity","_participants.csv","vmin","Minimum across participants for the continuous rows; NA for counts.","paper_1_transfer/scripts/00_extract_participants.R"
"paper_2_plasticity","_participants.csv","vmax","Maximum across participants for the continuous rows; NA for counts.","paper_1_transfer/scripts/00_extract_participants.R"
"paper_2_plasticity","_participants.csv","note","Source and definition of the metric.","paper_1_transfer/scripts/00_extract_participants.R"
"paper_2_plasticity","_participants_other_languages.csv","language","A language named in LHQ3 item 7 beyond Norwegian and English, with any parenthetical qualifier dropped and in title case. One row per language, ordered by n_participants. Written to both papers by Paper 1's participant extractor.","paper_1_transfer/scripts/00_extract_participants.R"
"paper_2_plasticity","_participants_other_languages.csv","n_participants","Distinct analysed participants naming that language.","paper_1_transfer/scripts/00_extract_participants.R"
"paper_2_plasticity","_pooled_convergence.csv","model","Model id from the artefact file name: the Part A trajectory models 'p2_predictive_trajectory', 'p2_predictive_trajectory_gender', 'p2_predictive_trajectory_aperiodic' and 'p2_predictive_trajectory_aperiodic_gender' (with '_weakprior' for the weak-prior sensitivity fits) and the Part B pre/post models 'p2_cognition_prepost_<index>' and 'p2_cognition_prepost_joint' (with '_signaligned' for the sign-aligned variant). One row per fitted model.","paper_2_plasticity/scripts/06_summaries.R"
"paper_2_plasticity","_pooled_convergence.csv","max_rhat","Largest rank-normalised split R-hat over every parameter of the fit.","paper_2_plasticity/scripts/06_summaries.R"
"paper_2_plasticity","_pooled_convergence.csv","min_ess_bulk","Smallest bulk effective sample size over every parameter of the fit.","paper_2_plasticity/scripts/06_summaries.R"
"paper_2_plasticity","_pooled_convergence.csv","min_ess_tail","Smallest tail effective sample size over every parameter of the fit.","paper_2_plasticity/scripts/06_summaries.R"
"paper_2_plasticity","_pooled_convergence.csv","n_divergent","Divergent transitions after warm-up, summed over chains.","paper_2_plasticity/scripts/06_summaries.R"
"paper_2_plasticity","_pooled_convergence.csv","n_treedepth","Iterations that saturated max_treedepth; NA under the cmdstanr backend, where the ceiling cannot be read from the fit object.","paper_2_plasticity/scripts/06_summaries.R"
"paper_2_plasticity","_pooled_convergence.csv","passed","TRUE when max_rhat < 1.01, min_ess_bulk > 400, min_ess_tail > 400 and n_divergent == 0.","paper_2_plasticity/scripts/06_summaries.R"
"paper_2_plasticity","_pooled_posterior_summaries.csv","parameter","brms population-level term with the 'b_' prefix removed. Part A: z_session_time is the z-scored 0 to 3 growth-curve code of Sessions 2, 3, 4 and 6; z_<predictor> are the baseline predictors z-scored across participants; grammatical_property enters as treatment dummies against the reference level 'differential_object_marking'. Part B: session_prepost is -0.5 (pre) or +0.5 (post) and measure enters as dummies against the reference level 'digit_span'. One row per parameter per model.","paper_2_plasticity/scripts/06_summaries.R"
"paper_2_plasticity","_pooled_posterior_summaries.csv","median","Posterior median: on the logit scale for the Bernoulli Part A models, in SD units of the within-measure z-scored index for the Gaussian Part B models.","paper_2_plasticity/scripts/06_summaries.R"
"paper_2_plasticity","_pooled_posterior_summaries.csv","ci_low","2.5th percentile of the posterior (lower bound of the equal-tailed 95% credible interval).","paper_2_plasticity/scripts/06_summaries.R"
"paper_2_plasticity","_pooled_posterior_summaries.csv","ci_high","97.5th percentile of the posterior (upper bound of the equal-tailed 95% credible interval).","paper_2_plasticity/scripts/06_summaries.R"
"paper_2_plasticity","_pooled_posterior_summaries.csv","pd","Probability of direction: the larger of the posterior mass above zero and below zero.","paper_2_plasticity/scripts/06_summaries.R"
"paper_2_plasticity","_pooled_posterior_summaries.csv","model","Model id from the artefact file name (see _pooled_convergence.csv).","paper_2_plasticity/scripts/06_summaries.R"
"paper_2_plasticity","_predictor_correlations.csv","var1","First predictor of the pair: digit_span, stroop_interference, asrt_learning, delta, theta, alpha, beta, gamma or iaf. One row per ordered pair (81 rows).","paper_2_plasticity/scripts/10_extract_descriptives.R"
"paper_2_plasticity","_predictor_correlations.csv","var2","Second predictor of the pair.","paper_2_plasticity/scripts/10_extract_descriptives.R"
"paper_2_plasticity","_predictor_correlations.csv","r","Pearson correlation over the joint predictor frame (participants with a baseline battery and an eyes-closed resting-state record), pairwise complete.","paper_2_plasticity/scripts/10_extract_descriptives.R"
"paper_2_plasticity","_predictor_correlations.csv","n","Participants with both values.","paper_2_plasticity/scripts/10_extract_descriptives.R"
"paper_2_plasticity","_predictor_descriptives.csv","predictor","Baseline Part A predictor: 'digit_span' (correct trials), 'stroop_interference' (milliseconds), 'asrt_learning' (milliseconds), 'delta', 'theta', 'alpha', 'beta' or 'gamma' (absolute eyes-closed band power in squared microvolts, the occipito-parietal Welch power spectral density integrated over 1-4, 4-8, 8-13, 13-30 and 30-45 Hz) or 'iaf' (individual alpha frequency in Hz, the spectral peak within 7 to 13 Hz). One row per predictor over the joint predictor frame.","paper_2_plasticity/scripts/10_extract_descriptives.R"
"paper_2_plasticity","_predictor_descriptives.csv","n","Participants with a value.","paper_2_plasticity/scripts/10_extract_descriptives.R"
"paper_2_plasticity","_predictor_descriptives.csv","mean","Mean over those participants.","paper_2_plasticity/scripts/10_extract_descriptives.R"
"paper_2_plasticity","_predictor_descriptives.csv","sd","Standard deviation over those participants.","paper_2_plasticity/scripts/10_extract_descriptives.R"
"paper_2_plasticity","_predictor_descriptives.csv","median","Median over those participants.","paper_2_plasticity/scripts/10_extract_descriptives.R"
"paper_2_plasticity","_predictor_descriptives.csv","min","Minimum over those participants.","paper_2_plasticity/scripts/10_extract_descriptives.R"
"paper_2_plasticity","_predictor_descriptives.csv","max","Maximum over those participants.","paper_2_plasticity/scripts/10_extract_descriptives.R"
"paper_2_plasticity","_predictor_reliability.csv","predictor","'digit_span', 'stroop_interference' or 'asrt_learning'. One row per predictor.","paper_2_plasticity/scripts/11_extract_predictor_reliability.R"
"paper_2_plasticity","_predictor_reliability.csv","session","Session at which reliability is estimated (1, the baseline).","paper_2_plasticity/scripts/11_extract_predictor_reliability.R"
"paper_2_plasticity","_predictor_reliability.csv","n_participants","Enrolled participants whose index could be recomputed from the trial-level data.","paper_2_plasticity/scripts/11_extract_predictor_reliability.R"
"paper_2_plasticity","_predictor_reliability.csv","r_half","Pearson correlation across participants between the index computed on two random halves of each participant's trials, averaged over the random splits.","paper_2_plasticity/scripts/11_extract_predictor_reliability.R"
"paper_2_plasticity","_predictor_reliability.csv","reliability_sb","r_half corrected to full test length by the Spearman-Brown formula, 2r / (1 + r).","paper_2_plasticity/scripts/11_extract_predictor_reliability.R"
"paper_2_plasticity","_predictor_reliability.csv","n_splits","Number of random splits averaged (LES_REL_SPLITS, 500 by default).","paper_2_plasticity/scripts/11_extract_predictor_reliability.R"
"paper_2_plasticity","_predictor_reliability.csv","seed","Seed the random splits were drawn under (LES_REL_SEED, 20260724 by default), so the table is reproducible.","paper_2_plasticity/scripts/11_extract_predictor_reliability.R"
"paper_2_plasticity","_predictor_values.csv","participant_lab_ID","Lab ID. One row per participant x predictor with a value.","paper_2_plasticity/scripts/10_extract_descriptives.R"
"paper_2_plasticity","_predictor_values.csv","predictor","Predictor name as in _predictor_descriptives.csv.","paper_2_plasticity/scripts/10_extract_descriptives.R"
"paper_2_plasticity","_predictor_values.csv","value","Raw value in the units given for that predictor in _predictor_descriptives.csv.","paper_2_plasticity/scripts/10_extract_descriptives.R"
"paper_2_plasticity","_prepost_ns.csv","model","Pre/post model id: 'p2_cognition_prepost_<index>' or 'p2_cognition_prepost_joint' (with '_signaligned' for the sign-aligned variant). One row per model x session.","paper_2_plasticity/scripts/06_summaries.R"
"paper_2_plasticity","_prepost_ns.csv","session","'pre' (Session 1) or 'post' (Session 5).","paper_2_plasticity/scripts/06_summaries.R"
"paper_2_plasticity","_prepost_ns.csv","n_participants","Distinct participants in the fitted data at that session.","paper_2_plasticity/scripts/06_summaries.R"
"paper_2_plasticity","_prepost_ns.csv","n_obs","Rows of the fitted data at that session: one per participant for the per-index models, one per participant x measure for the joint model.","paper_2_plasticity/scripts/06_summaries.R"
"paper_2_plasticity","_prior_sensitivity.csv","parameter","brms population-level term with the 'b_' prefix removed (see _pooled_posterior_summaries.csv). One row per parameter per informative/weak model pair. No pipeline stage writes this file; its columns follow les_prior_sensitivity() in _shared/R/02_diagnostics.R.","none in the pipeline (columns follow les_prior_sensitivity() in _shared/R/02_diagnostics.R)"
"paper_2_plasticity","_prior_sensitivity.csv","median_inf","Posterior median under the informative priors, on the logit scale.","none in the pipeline (columns follow les_prior_sensitivity() in _shared/R/02_diagnostics.R)"
"paper_2_plasticity","_prior_sensitivity.csv","ci_low_inf","2.5th percentile of the posterior under the informative priors.","none in the pipeline (columns follow les_prior_sensitivity() in _shared/R/02_diagnostics.R)"
"paper_2_plasticity","_prior_sensitivity.csv","ci_high_inf","97.5th percentile of the posterior under the informative priors.","none in the pipeline (columns follow les_prior_sensitivity() in _shared/R/02_diagnostics.R)"
"paper_2_plasticity","_prior_sensitivity.csv","pd_inf","Probability of direction under the informative priors.","none in the pipeline (columns follow les_prior_sensitivity() in _shared/R/02_diagnostics.R)"
"paper_2_plasticity","_prior_sensitivity.csv","median_weak","Posterior median under the weakly informative priors (the '_weakprior' fit).","none in the pipeline (columns follow les_prior_sensitivity() in _shared/R/02_diagnostics.R)"
"paper_2_plasticity","_prior_sensitivity.csv","ci_low_weak","2.5th percentile of the posterior under the weakly informative priors.","none in the pipeline (columns follow les_prior_sensitivity() in _shared/R/02_diagnostics.R)"
"paper_2_plasticity","_prior_sensitivity.csv","ci_high_weak","97.5th percentile of the posterior under the weakly informative priors.","none in the pipeline (columns follow les_prior_sensitivity() in _shared/R/02_diagnostics.R)"
"paper_2_plasticity","_prior_sensitivity.csv","pd_weak","Probability of direction under the weakly informative priors.","none in the pipeline (columns follow les_prior_sensitivity() in _shared/R/02_diagnostics.R)"
"paper_2_plasticity","_prior_sensitivity.csv","median_shift","median_inf minus median_weak, on the logit scale.","none in the pipeline (columns follow les_prior_sensitivity() in _shared/R/02_diagnostics.R)"
"paper_2_plasticity","_prior_sensitivity.csv","ci_width_inf","ci_high_inf minus ci_low_inf.","none in the pipeline (columns follow les_prior_sensitivity() in _shared/R/02_diagnostics.R)"
"paper_2_plasticity","_prior_sensitivity.csv","ci_width_weak","ci_high_weak minus ci_low_weak.","none in the pipeline (columns follow les_prior_sensitivity() in _shared/R/02_diagnostics.R)"
"paper_2_plasticity","_prior_sensitivity.csv","model","Id of the informative fit: 'p2_predictive_trajectory' or 'p2_predictive_trajectory_gender'.","none in the pipeline (columns follow les_prior_sensitivity() in _shared/R/02_diagnostics.R)"
"paper_2_plasticity","_prior_specification.csv","prior","Prior distribution as brms::prior_summary() reports it, for example 'normal(0, 1)'; empty when brms uses its flat default for that class. One row per prior per model.","paper_2_plasticity/scripts/06_summaries.R"
"paper_2_plasticity","_prior_specification.csv","class","Parameter class: 'b' (population-level coefficient), 'Intercept', 'sd' (group-level standard deviation), 'sigma' (residual standard deviation) or 'L' (Cholesky factor of the group-level correlation matrix).","paper_2_plasticity/scripts/06_summaries.R"
"paper_2_plasticity","_prior_specification.csv","coef","Coefficient the prior applies to; empty for a class-wide prior.","paper_2_plasticity/scripts/06_summaries.R"
"paper_2_plasticity","_prior_specification.csv","group","Grouping factor for 'sd' and 'L' priors ('participant_lab_ID'); empty otherwise.","paper_2_plasticity/scripts/06_summaries.R"
"paper_2_plasticity","_prior_specification.csv","resp","Response variable the prior belongs to; empty for these single-response models.","paper_2_plasticity/scripts/06_summaries.R"
"paper_2_plasticity","_prior_specification.csv","dpar","Distributional parameter the prior belongs to; empty for these models.","paper_2_plasticity/scripts/06_summaries.R"
"paper_2_plasticity","_prior_specification.csv","nlpar","Non-linear parameter the prior belongs to; empty for these models.","paper_2_plasticity/scripts/06_summaries.R"
"paper_2_plasticity","_prior_specification.csv","lb","Lower bound of the parameter: 0 for 'sd' and 'sigma'; empty otherwise.","paper_2_plasticity/scripts/06_summaries.R"
"paper_2_plasticity","_prior_specification.csv","ub","Upper bound of the parameter; empty for these models.","paper_2_plasticity/scripts/06_summaries.R"
"paper_2_plasticity","_prior_specification.csv","tag","brms prior tag; empty for these models.","paper_2_plasticity/scripts/06_summaries.R"
"paper_2_plasticity","_prior_specification.csv","source","'user' when the prior was set in the fitting script, 'default' when supplied by brms.","paper_2_plasticity/scripts/06_summaries.R"
"paper_2_plasticity","_prior_specification.csv","model","Model id (see _pooled_convergence.csv).","paper_2_plasticity/scripts/06_summaries.R"
"paper_2_plasticity","_projpred_path.csv","model","Reference model whose forward search the row belongs to. One row per submodel size per model; the per-model files p2_<model>_projpred_path.csv are pooled here.","paper_2_plasticity/scripts/08_projpred_selection.R"
"paper_2_plasticity","_projpred_path.csv","size","Number of terms in the submodel; 0 is the intercept-only submodel.","paper_2_plasticity/scripts/08_projpred_selection.R"
"paper_2_plasticity","_projpred_path.csv","predictor","Term added at this step of the full-data forward search: '(Intercept)' at size 0; group-level terms appear as '(1 | participant_lab_ID)' and '(z_session_time | participant_lab_ID)'.","paper_2_plasticity/scripts/08_projpred_selection.R"
"paper_2_plasticity","_projpred_path.csv","elpd","Cross-validated expected log pointwise predictive density of the submodel on the response scale, summed over trials.","paper_2_plasticity/scripts/08_projpred_selection.R"
"paper_2_plasticity","_projpred_path.csv","elpd_se","Standard error of elpd.","paper_2_plasticity/scripts/08_projpred_selection.R"
"paper_2_plasticity","_projpred_path.csv","elpd_diff","elpd minus the reference model's elpd (the projpred convention); negative means worse than the reference model.","paper_2_plasticity/scripts/08_projpred_selection.R"
"paper_2_plasticity","_projpred_path.csv","elpd_diff_se","Standard error of elpd_diff.","paper_2_plasticity/scripts/08_projpred_selection.R"
"paper_2_plasticity","_projpred_path.csv","acc","Cross-validated classification accuracy (proportion of trials predicted correctly) of the submodel; NA where projpred did not return it.","paper_2_plasticity/scripts/08_projpred_selection.R"
"paper_2_plasticity","_projpred_path.csv","acc_se","Standard error of acc; NA where projpred did not return it.","paper_2_plasticity/scripts/08_projpred_selection.R"
"paper_2_plasticity","_projpred_path.csv","acc_diff","acc minus the reference model's accuracy; NA where projpred did not return it.","paper_2_plasticity/scripts/08_projpred_selection.R"
"paper_2_plasticity","_projpred_path.csv","suggested_size","Submodel size proposed by projpred::suggest_size(stat = 'elpd'): the smallest size whose elpd difference to the reference model is within one standard error of zero; repeated on every row of the model.","paper_2_plasticity/scripts/08_projpred_selection.R"
"paper_2_plasticity","_projpred_path.csv","is_suggested","TRUE on the row whose size equals suggested_size.","paper_2_plasticity/scripts/08_projpred_selection.R"
"paper_2_plasticity","_projpred_path.csv","n_folds","Participant-grouped cross-validation folds (K).","paper_2_plasticity/scripts/08_projpred_selection.R"
"paper_2_plasticity","_projpred_path.csv","n_participants","Participants in the reference fit.","paper_2_plasticity/scripts/08_projpred_selection.R"
"paper_2_plasticity","_projpred_path.csv","cv_prop_diag","Proportion of cross-validation folds in which the predictor entered at this size occupied the same rank in the fold-wise search, a ranking-stability diagnostic; NA for path files produced without it.","paper_2_plasticity/scripts/08_projpred_selection.R"
"paper_2_plasticity","_provenance.csv","component","What the row records: 'R', 'platform', an R package name (brms, cmdstanr, rstan, StanHeaders, posterior, loo, projpred, bayesplot, mgcv, MASS, dplyr), 'CmdStan', 'seed:LES_SEED', and, when the file was recovered by 06b_recover_provenance.R, 'record_source', 'fits_written_utc' and 'fits_recorded'. One row per component.","paper_2_plasticity/scripts/06b_recover_provenance.R (recovered) or _shared/R/04_provenance.R via 04_fit_brms_predictors.R (fit time)"
"paper_2_plasticity","_provenance.csv","version","Version string, seed value, or the text of a record row.","paper_2_plasticity/scripts/06b_recover_provenance.R (recovered) or _shared/R/04_provenance.R via 04_fit_brms_predictors.R (fit time)"
"paper_2_plasticity","_provenance.csv","source","Where the value was read from when the file was recovered by 06b: 'fitted object', 'project library', 'job environment', 'shared settings', 'this script' or 'file system'. Absent when the file is written at fit time by _shared/R/04_provenance.R.","paper_2_plasticity/scripts/06b_recover_provenance.R (recovered) or _shared/R/04_provenance.R via 04_fit_brms_predictors.R (fit time)"
"paper_2_plasticity","_provenance.csv","recorded_utc","UTC time of the write; the same on every row.","paper_2_plasticity/scripts/06b_recover_provenance.R (recovered) or _shared/R/04_provenance.R via 04_fit_brms_predictors.R (fit time)"
"paper_2_plasticity","_reliability.csv","model","'p2_predictive_trajectory' or 'p2_predictive_trajectory_gender'. One row per model x by-participant effect.","paper_2_plasticity/scripts/06_summaries.R"
"paper_2_plasticity","_reliability.csv","effect","By-participant random effect: 'Intercept' (level at the mean session) or 'z_session_time' (learning rate).","paper_2_plasticity/scripts/06_summaries.R"
"paper_2_plasticity","_reliability.csv","group_sd","Posterior mean of the group-level standard deviation (tau) of that effect.","paper_2_plasticity/scripts/06_summaries.R"
"paper_2_plasticity","_reliability.csv","mean_posterior_se","Mean over participants of the posterior standard deviation of the shrunken by-participant deviation.","paper_2_plasticity/scripts/06_summaries.R"
"paper_2_plasticity","_reliability.csv","reliability","Variance of the posterior-mean by-participant deviations divided by tau squared.","paper_2_plasticity/scripts/06_summaries.R"
"paper_2_plasticity","_resting_state_psd.csv","participant_lab_ID","Lab ID. One row per participant x condition x frequency bin.","paper_2_plasticity/scripts/10_extract_descriptives.R"
"paper_2_plasticity","_resting_state_psd.csv","condition","'eyes_closed' or 'eyes_open'.","paper_2_plasticity/scripts/10_extract_descriptives.R"
"paper_2_plasticity","_resting_state_psd.csv","freq_hz","Frequency in Hz, 0.5 Hz bins from 1 to 45 Hz (Welch estimate with 2 s Hann segments and 50% overlap at 500 Hz).","paper_2_plasticity/scripts/10_extract_descriptives.R"
"paper_2_plasticity","_resting_state_psd.csv","power","Power spectral density in squared microvolts per Hz, averaged over the eight occipito-parietal channels (O1, Oz, O2, P3, Pz, P4, P7, P8).","paper_2_plasticity/scripts/10_extract_descriptives.R"
"paper_2_plasticity","_rseeg_descriptives.csv","condition","'eyes_closed' or 'eyes_open'. One row per condition x band, plus one 'alpha_peak_count' row per condition.","paper_2_plasticity/scripts/10_extract_descriptives.R"
"paper_2_plasticity","_rseeg_descriptives.csv","band","'delta', 'theta', 'alpha', 'beta' or 'gamma' (band power in squared microvolts), 'iaf' (individual alpha frequency in Hz) or 'alpha_peak_count'.","paper_2_plasticity/scripts/10_extract_descriptives.R"
"paper_2_plasticity","_rseeg_descriptives.csv","n","Recordings with a value.","paper_2_plasticity/scripts/10_extract_descriptives.R"
"paper_2_plasticity","_rseeg_descriptives.csv","mean","Mean over recordings; NA on the 'alpha_peak_count' rows.","paper_2_plasticity/scripts/10_extract_descriptives.R"
"paper_2_plasticity","_rseeg_descriptives.csv","sd","Standard deviation over recordings; NA on the 'alpha_peak_count' rows.","paper_2_plasticity/scripts/10_extract_descriptives.R"
"paper_2_plasticity","_rseeg_descriptives.csv","median","Median over recordings; NA on the 'alpha_peak_count' rows.","paper_2_plasticity/scripts/10_extract_descriptives.R"
"paper_2_plasticity","_rseeg_descriptives.csv","min","Minimum over recordings; NA on the 'alpha_peak_count' rows.","paper_2_plasticity/scripts/10_extract_descriptives.R"
"paper_2_plasticity","_rseeg_descriptives.csv","max","Maximum over recordings; NA on the 'alpha_peak_count' rows.","paper_2_plasticity/scripts/10_extract_descriptives.R"
"paper_2_plasticity","_rseeg_descriptives.csv","n_participants_with_resolvable_alpha_peak","Recordings whose IAF lies strictly inside 7 to 13 Hz; filled on the 'alpha_peak_count' rows only.","paper_2_plasticity/scripts/10_extract_descriptives.R"
"paper_2_plasticity","_sample_flow.csv","stage","Participant-flow stage key: 'enrolled', 'attended_S1' to 'attended_S6', 'usable_accuracy', 'battery_baseline', 'trajectory', 'joint_predictor', 'usable_erp' or 'usable_rseeg'. One row per stage. Written to both papers by Paper 1's participant extractor.","paper_1_transfer/scripts/00_extract_participants.R"
"paper_2_plasticity","_sample_flow.csv","order","Display order of the stage in the flow figure.","paper_1_transfer/scripts/00_extract_participants.R"
"paper_2_plasticity","_sample_flow.csv","label","Stage label printed in the flow figure.","paper_1_transfer/scripts/00_extract_participants.R"
"paper_2_plasticity","_sample_flow.csv","n_total","Participants at that stage; NA when the source object is absent.","paper_1_transfer/scripts/00_extract_participants.R"
"paper_2_plasticity","_sample_flow.csv","n_mini_english","Participants at that stage assigned Mini-English; NA where the stage is not split by language.","paper_1_transfer/scripts/00_extract_participants.R"
"paper_2_plasticity","_sample_flow.csv","n_mini_norwegian","Participants at that stage assigned Mini-Norwegian; NA where the stage is not split by language.","paper_1_transfer/scripts/00_extract_participants.R"
"paper_2_plasticity","_sample_flow.csv","source","The file or rule the count derives from.","paper_1_transfer/scripts/00_extract_participants.R"
"paper_2_plasticity","_task_specs.csv","task","'asrt', 'digit_span' or 'stroop'. One row per task x specification.","paper_2_plasticity/scripts/10_extract_descriptives.R"
"paper_2_plasticity","_task_specs.csv","spec","Specification name: 'n_blocks', 'modal_trials_per_block', 'trials_per_block', 'scored_trials', 'test_trials', 'congruent_trials' or 'incongruent_trials'.","paper_2_plasticity/scripts/10_extract_descriptives.R"
"paper_2_plasticity","_task_specs.csv","value","The value, read from the Session-1 raw exports except where the note says it is the preregistered design value.","paper_2_plasticity/scripts/10_extract_descriptives.R"
"paper_2_plasticity","_task_specs.csv","note","How the value was obtained and what it excludes.","paper_2_plasticity/scripts/10_extract_descriptives.R"
"paper_2_plasticity","_training_gate_flow.csv","session","ERP session (2, 3, 4 or 6). One row per session. Written to both papers by Paper 1's gate reconstruction.","paper_1_transfer/scripts/00d_extract_training_gate_flow.R"
"paper_2_plasticity","_training_gate_flow.csv","grammatical_property","Always 'ALL': the comprehension gate was applied per session and cannot be resolved per property.","paper_1_transfer/scripts/00d_extract_training_gate_flow.R"
"paper_2_plasticity","_training_gate_flow.csv","n_attempted","Subjects with an interpretable gate outcome (n_passed_attempt1 + n_passed_attempt2 + n_failed_gate). At Session 6, which had no gate, subjects with scored judgements.","paper_1_transfer/scripts/00d_extract_training_gate_flow.R"
"paper_2_plasticity","_training_gate_flow.csv","n_passed_attempt1","Subjects who passed the >80% post-training comprehension test on the first attempt.","paper_1_transfer/scripts/00d_extract_training_gate_flow.R"
"paper_2_plasticity","_training_gate_flow.csv","n_passed_attempt2","Subjects who failed the first attempt and passed the second.","paper_1_transfer/scripts/00d_extract_training_gate_flow.R"
"paper_2_plasticity","_training_gate_flow.csv","n_failed_gate","Subjects who failed both attempts.","paper_1_transfer/scripts/00d_extract_training_gate_flow.R"
"paper_2_plasticity","_training_gate_flow.csv","note","Session-specific statement of how the counts were reconstructed and what they exclude.","paper_1_transfer/scripts/00d_extract_training_gate_flow.R"
"paper_2_plasticity","p2_*_projpred_path.csv","model","Reference model whose forward search the file records; the file name carries the same value. One row per submodel size.","paper_2_plasticity/scripts/08_projpred_selection.R (the pooled raw-band and aperiodic files were produced by 08b_recover_projpred_path.R)"
"paper_2_plasticity","p2_*_projpred_path.csv","size","Number of terms in the submodel; 0 is the intercept-only submodel.","paper_2_plasticity/scripts/08_projpred_selection.R (the pooled raw-band and aperiodic files were produced by 08b_recover_projpred_path.R)"
"paper_2_plasticity","p2_*_projpred_path.csv","predictor","Term added at this step of the full-data forward search: '(Intercept)' at size 0; group-level terms appear as '(1 | participant_lab_ID)' and '(z_session_time | participant_lab_ID)'.","paper_2_plasticity/scripts/08_projpred_selection.R (the pooled raw-band and aperiodic files were produced by 08b_recover_projpred_path.R)"
"paper_2_plasticity","p2_*_projpred_path.csv","elpd","Cross-validated expected log pointwise predictive density of the submodel on the response scale, summed over trials.","paper_2_plasticity/scripts/08_projpred_selection.R (the pooled raw-band and aperiodic files were produced by 08b_recover_projpred_path.R)"
"paper_2_plasticity","p2_*_projpred_path.csv","elpd_se","Standard error of elpd.","paper_2_plasticity/scripts/08_projpred_selection.R (the pooled raw-band and aperiodic files were produced by 08b_recover_projpred_path.R)"
"paper_2_plasticity","p2_*_projpred_path.csv","elpd_diff","elpd minus the reference model's elpd (the projpred convention); negative means worse than the reference model.","paper_2_plasticity/scripts/08_projpred_selection.R (the pooled raw-band and aperiodic files were produced by 08b_recover_projpred_path.R)"
"paper_2_plasticity","p2_*_projpred_path.csv","elpd_diff_se","Standard error of elpd_diff.","paper_2_plasticity/scripts/08_projpred_selection.R (the pooled raw-band and aperiodic files were produced by 08b_recover_projpred_path.R)"
"paper_2_plasticity","p2_*_projpred_path.csv","acc","Cross-validated classification accuracy (proportion of trials predicted correctly) of the submodel; NA where projpred did not return it.","paper_2_plasticity/scripts/08_projpred_selection.R (the pooled raw-band and aperiodic files were produced by 08b_recover_projpred_path.R)"
"paper_2_plasticity","p2_*_projpred_path.csv","acc_se","Standard error of acc; NA where projpred did not return it.","paper_2_plasticity/scripts/08_projpred_selection.R (the pooled raw-band and aperiodic files were produced by 08b_recover_projpred_path.R)"
"paper_2_plasticity","p2_*_projpred_path.csv","acc_diff","acc minus the reference model's accuracy; NA where projpred did not return it.","paper_2_plasticity/scripts/08_projpred_selection.R (the pooled raw-band and aperiodic files were produced by 08b_recover_projpred_path.R)"
"paper_2_plasticity","p2_*_projpred_path.csv","cv_prop_diag","Proportion of cross-validation folds in which the predictor entered at this size occupied the same rank in the fold-wise search, a ranking-stability diagnostic; NA for path files produced without it.","paper_2_plasticity/scripts/08_projpred_selection.R (the pooled raw-band and aperiodic files were produced by 08b_recover_projpred_path.R)"
"paper_2_plasticity","p2_*_projpred_path.csv","suggested_size","Submodel size proposed by projpred::suggest_size(stat = 'elpd'): the smallest size whose elpd difference to the reference model is within one standard error of zero; repeated on every row.","paper_2_plasticity/scripts/08_projpred_selection.R (the pooled raw-band and aperiodic files were produced by 08b_recover_projpred_path.R)"
"paper_2_plasticity","p2_*_projpred_path.csv","is_suggested","TRUE on the row whose size equals suggested_size.","paper_2_plasticity/scripts/08_projpred_selection.R (the pooled raw-band and aperiodic files were produced by 08b_recover_projpred_path.R)"
"paper_2_plasticity","p2_*_projpred_path.csv","n_folds","Participant-grouped cross-validation folds (K).","paper_2_plasticity/scripts/08_projpred_selection.R (the pooled raw-band and aperiodic files were produced by 08b_recover_projpred_path.R)"
"paper_2_plasticity","p2_*_projpred_path.csv","n_participants","Participants in the reference fit.","paper_2_plasticity/scripts/08_projpred_selection.R (the pooled raw-band and aperiodic files were produced by 08b_recover_projpred_path.R)"
"paper_1_transfer","_rsvp_timing.csv","n_trials","Critical-word trials entering the census, over every OpenSesame logfile of Sessions 2, 3, 4 and 6, before any EEG-side exclusion and without de-duplication. One row per file, so this is the whole census.","paper_1_transfer/scripts/01b_extract_rsvp_timing.R"
"paper_1_transfer","_rsvp_timing.csv","next_onset_min_ms","Minimum onset latency, in milliseconds, of the first word displayed after the critical word, relative to critical-word onset.","paper_1_transfer/scripts/01b_extract_rsvp_timing.R"
"paper_1_transfer","_rsvp_timing.csv","next_onset_max_ms","Maximum of that same latency.","paper_1_transfer/scripts/01b_extract_rsvp_timing.R"
"paper_1_transfer","_rsvp_timing.csv","next_onset_median_ms","Median of that same latency.","paper_1_transfer/scripts/01b_extract_rsvp_timing.R"
"paper_1_transfer","_rsvp_timing.csv","max_onsets_within_900ms","Largest number of subsequent word onsets that any trial shows within the counting window; the manuscript's claim is that it is one.","paper_1_transfer/scripts/01b_extract_rsvp_timing.R"
"paper_1_transfer","_rsvp_timing.csv","min_onsets_within_900ms","Smallest such number, over the same trials.","paper_1_transfer/scripts/01b_extract_rsvp_timing.R"
"paper_1_transfer","_rsvp_timing.csv","n_trials_exactly_one_onset_within_900ms","Trials showing exactly one subsequent onset in the window. Equal to n_trials when every trial does.","paper_1_transfer/scripts/01b_extract_rsvp_timing.R"
"paper_1_transfer","_rsvp_timing.csv","second_onset_min_ms","Minimum onset latency of the SECOND subsequent word, which is what places that word beyond the late analysis window.","paper_1_transfer/scripts/01b_extract_rsvp_timing.R"
"paper_1_transfer","_rsvp_timing.csv","n_trials_s2","Critical-word trials contributed by Session 2.","paper_1_transfer/scripts/01b_extract_rsvp_timing.R"
"paper_1_transfer","_rsvp_timing.csv","n_trials_s3","Critical-word trials contributed by Session 3.","paper_1_transfer/scripts/01b_extract_rsvp_timing.R"
"paper_1_transfer","_rsvp_timing.csv","n_trials_s4","Critical-word trials contributed by Session 4.","paper_1_transfer/scripts/01b_extract_rsvp_timing.R"
"paper_1_transfer","_rsvp_timing.csv","n_trials_s6","Critical-word trials contributed by Session 6, the retention test.","paper_1_transfer/scripts/01b_extract_rsvp_timing.R"
"paper_1_transfer","_rsvp_timing.csv","n_duplicate_rows","Counted trials that are byte-identical repeats of another row. A minority of logfiles close by rewriting their final trial verbatim. They are counted rather than removed, because the census counts logged presentations.","paper_1_transfer/scripts/01b_extract_rsvp_timing.R"
"paper_1_transfer","_rsvp_timing.csv","n_files_read","Logfiles read, that is, the files found less those skipped.","paper_1_transfer/scripts/01b_extract_rsvp_timing.R"
"paper_1_transfer","_rsvp_timing.csv","n_files_skipped","Logfiles found but not read, because they could not be parsed or lacked the required columns.","paper_1_transfer/scripts/01b_extract_rsvp_timing.R"
"paper_1_transfer","_rsvp_timing.csv","n_rows_excluded_missing_onset","Rows dropped because the critical word carried no logged onset timestamp.","paper_1_transfer/scripts/01b_extract_rsvp_timing.R"
"paper_1_transfer","_rsvp_timing.csv","n_rows_excluded_missing_duration","Rows dropped because the critical word carried no nominal display duration.","paper_1_transfer/scripts/01b_extract_rsvp_timing.R"
"paper_1_transfer","_rsvp_timing.csv","n_rows_excluded_no_following_word","Rows dropped because no word followed the critical word in the trial, so no subsequent onset exists to measure.","paper_1_transfer/scripts/01b_extract_rsvp_timing.R"
"paper_1_transfer","_rsvp_timing.csv","n_rows_excluded_soa_out_of_range","Rows dropped because the recovered stimulus-onset asynchrony fell outside the plausible range, which would indicate a logging fault rather than a presentation timing.","paper_1_transfer/scripts/01b_extract_rsvp_timing.R"
"paper_1_transfer","_rsvp_timing.csv","source_dir","The read-only input directory, relative to the project root, that the census was computed from.","paper_1_transfer/scripts/01b_extract_rsvp_timing.R"
"paper_1_transfer","_rsvp_timing.csv","window_rule","The rule by which a subsequent onset was counted, written out so that the census can be reproduced without reading the script. Its 900 ms comes from LES_P1_RSVP_WINDOW_MS.","paper_1_transfer/scripts/01b_extract_rsvp_timing.R"
"paper_1_transfer","_rsvp_timing.csv","generated_utc","When the census was written, in UTC.","paper_1_transfer/scripts/01b_extract_rsvp_timing.R"
